URL,Number of outlinks
https://ur.medeqipexp.com/,64
https://ur.medeqipexp.com/%DA%A9%D8%A7%20%D8%B3%D8%A7%D9%85%D8%A7%D9%86/,68
https://ur.medeqipexp.com/%D8%A2%D8%B1%D8%AA%DA%BE%D9%88%D9%BE%DB%8C%DA%88%DA%A9%20%D8%A7%DB%8C%D9%85%D9%BE%D9%84%D8%A7%D9%86%D9%B9%D8%B3-/,69
https://ur.medeqipexp.com/%D8%AC%D8%B1%D8%A7%D8%AD%DB%8C/,72
https://ur.medeqipexp.com/%D8%B1%D9%BE%D9%88%D8%B1%D9%B9/,61
https://ur.medeqipexp.com/%D9%85%D8%B9%DB%8C%D8%A7%D8%B1/,66
https://ur.medeqipexp.com/%D8%B1%D8%A7%D8%A8%D8%B7%DB%81-%D8%B5%D9%81%D8%AD%DB%92/,63
https://ur.medeqipexp.com/%D8%B3%D8%B1%D9%88%D8%B3%20%DA%A9%DB%8C%20%D8%B4%D8%B1%D8%A7%D8%A6%D8%B7/,63
https://ur.medeqipexp.com/%D8%B1%D8%A7%D8%B2%D8%AF%D8%A7%D8%B1%DB%8C%20%D8%A7%D9%88%D8%B1%20%D8%B1%DB%8C%D9%B9%D8%B1%D9%86%20%D9%BE%D8%A7%D9%84%DB%8C%D8%B3%DB%8C/,67
https://ur.medeqipexp.com/%D8%A7%D9%82%D8%AA%D8%A8%D8%A7%D8%B3/,62
https://ur.medeqipexp.com/%DA%A9%D8%A7%20%D8%B3%D8%A7%D9%85%D8%A7%D9%86/%D8%B3%D8%B1%D8%AC%DB%8C%DA%A9%D9%84%20%D8%B3%D8%A7%D9%85%D8%A7%D9%86%20%D8%A7%D9%86%D9%88%DB%8C%D9%86%D9%B9%D8%B1%DB%8C/,62
https://ur.medeqipexp.com/%DA%A9%D8%A7%20%D8%B3%D8%A7%D9%85%D8%A7%D9%86/%DB%81%DB%92%20%DA%A9%DB%92%20%D8%B7%D9%88%D8%B1%20%D9%BE%D8%B1%20%DA%A9%D8%A7%D9%85%20%D8%B7%D8%A8%DB%8C%20%D8%B3%D8%A7%D9%85%D8%A7%D9%86/,62
https://ur.medeqipexp.com/%D9%85%D8%B5%D9%86%D9%88%D8%B9%D8%A7%D8%AA%20%DA%A9%DB%92%20%D8%B2%D9%85%D8%B1%DB%92/%DA%A9%D8%A7%20%D8%B3%D8%A7%D9%85%D8%A7%D9%86/%D8%A7%DB%8C%D9%86%D8%B3%D8%AA%DA%BE%DB%8C%D8%B2%DB%8C%D8%A7-%D9%85%D8%A7%D9%86%DB%8C%D9%B9%D8%B1%20%D9%85%D8%B1%DB%8C%D8%B6%20%D9%86%D8%B8%D8%B1%20%D8%B1%DA%A9%DA%BE%D8%AA%D8%A7%20%DB%81%DB%92/,71
https://ur.medeqipexp.com/%D9%85%D8%B5%D9%86%D9%88%D8%B9%D8%A7%D8%AA%20%DA%A9%DB%92%20%D8%B2%D9%85%D8%B1%DB%92/%DA%A9%D8%A7%20%D8%B3%D8%A7%D9%85%D8%A7%D9%86/%D8%A7%DB%8C%D9%86%D8%B3%D8%AA%DA%BE%DB%8C%D8%B2%DB%8C%D8%A7%20%D9%85%D8%B4%DB%8C%D9%86%DB%8C%DA%BA/,83
https://ur.medeqipexp.com/%D9%85%D8%B5%D9%86%D9%88%D8%B9%D8%A7%D8%AA%20%DA%A9%DB%92%20%D8%B2%D9%85%D8%B1%DB%92/%DA%A9%D8%A7%20%D8%B3%D8%A7%D9%85%D8%A7%D9%86/phaco%20%D8%B3%D8%A7%D9%85%D8%A7%D9%86/,153
https://ur.medeqipexp.com/%D9%85%D8%B5%D9%86%D9%88%D8%B9%D8%A7%D8%AA%20%DA%A9%DB%92%20%D8%B2%D9%85%D8%B1%DB%92/%D8%A2%D8%B1%D8%AA%DA%BE%D9%88%D9%BE%DB%8C%DA%88%DA%A9%20%D8%A7%DB%8C%D9%85%D9%BE%D9%84%D8%A7%D9%86%D9%B9%D8%B3-/%D8%A7%DB%8C%D9%86%DA%A9%D8%B1%D8%B2/,158
https://ur.medeqipexp.com/%D9%85%D8%B5%D9%86%D9%88%D8%B9%D8%A7%D8%AA%20%DA%A9%DB%92%20%D8%B2%D9%85%D8%B1%DB%92/%D8%A2%D8%B1%D8%AA%DA%BE%D9%88%D9%BE%DB%8C%DA%88%DA%A9%20%D8%A7%DB%8C%D9%85%D9%BE%D9%84%D8%A7%D9%86%D9%B9%D8%B3-/depuy-%D8%A8%DB%8C%D8%B1%D9%84/,98
https://ur.medeqipexp.com/%D9%85%D8%B5%D9%86%D9%88%D8%B9%D8%A7%D8%AA%20%DA%A9%DB%92%20%D8%B2%D9%85%D8%B1%DB%92/%D8%A2%D8%B1%D8%AA%DA%BE%D9%88%D9%BE%DB%8C%DA%88%DA%A9%20%D8%A7%DB%8C%D9%85%D9%BE%D9%84%D8%A7%D9%86%D9%B9%D8%B3-/depuy-%D8%A7%DB%8C%DA%A9%D8%B3%D9%84%20%D9%81%D8%B1%DB%8C%DA%A9%DA%86%D8%B1%20%DB%81%D9%BE%20%D8%A7%DB%8C%D9%85%D9%BE%D9%84%D8%A7%D9%86%D9%B9%D8%B3/,138
https://ur.medeqipexp.com/%D9%85%D8%B5%D9%86%D9%88%D8%B9%D8%A7%D8%AA%20%DA%A9%DB%92%20%D8%B2%D9%85%D8%B1%DB%92/%D8%A2%D8%B1%D8%AA%DA%BE%D9%88%D9%BE%DB%8C%DA%88%DA%A9%20%D8%A7%DB%8C%D9%85%D9%BE%D9%84%D8%A7%D9%86%D9%B9%D8%B3-/synthes-%D9%86%D8%A7%D8%AE%D9%86-%D9%85%DB%8C%DA%BA-%D8%AA%D8%A7%D8%B1%DB%8C%D8%AE/,160
https://ur.medeqipexp.com/%D9%85%D8%B5%D9%86%D9%88%D8%B9%D8%A7%D8%AA%20%DA%A9%DB%92%20%D8%B2%D9%85%D8%B1%DB%92/%D8%A2%D8%B1%D8%AA%DA%BE%D9%88%D9%BE%DB%8C%DA%88%DA%A9%20%D8%A7%DB%8C%D9%85%D9%BE%D9%84%D8%A7%D9%86%D9%B9%D8%B3-/%D9%BE%DB%8C%D8%B1%20%D8%A7%DB%8C%D9%85%D9%BE%D9%84%D8%A7%D9%86%D9%B9%D8%B3/,102
https://ur.medeqipexp.com/%D9%85%D8%B5%D9%86%D9%88%D8%B9%D8%A7%D8%AA%20%DA%A9%DB%92%20%D8%B2%D9%85%D8%B1%DB%92/%D8%A2%D8%B1%D8%AA%DA%BE%D9%88%D9%BE%DB%8C%DA%88%DA%A9%20%D8%A7%DB%8C%D9%85%D9%BE%D9%84%D8%A7%D9%86%D9%B9%D8%B3-/%D8%B2%D9%85%D8%B1-%D8%A2%D8%B3%D9%B9%D9%86%20%D9%85%D9%88%D8%B1-fenestrated-%DB%81%D9%BE%20%D8%A7%DB%8C%D9%85%D9%BE%D9%84%D8%A7%D9%86%D9%B9%D8%B3/,86
https://ur.medeqipexp.com/%D9%85%D8%B5%D9%86%D9%88%D8%B9%D8%A7%D8%AA%20%DA%A9%DB%92%20%D8%B2%D9%85%D8%B1%DB%92/%D8%A2%D8%B1%D8%AA%DA%BE%D9%88%D9%BE%DB%8C%DA%88%DA%A9%20%D8%A7%DB%8C%D9%85%D9%BE%D9%84%D8%A7%D9%86%D9%B9%D8%B3-/%D8%B2%D9%85%D8%B1%20%D8%B1%D8%B4-medullary%20%D9%BE%D9%86%D9%88%DA%BA/,98
https://ur.medeqipexp.com/%D9%85%D8%B5%D9%86%D9%88%D8%B9%D8%A7%D8%AA%20%DA%A9%DB%92%20%D8%B2%D9%85%D8%B1%DB%92/%D8%A2%D8%B1%D8%AA%DA%BE%D9%88%D9%BE%DB%8C%DA%88%DA%A9%20%D8%A7%DB%8C%D9%85%D9%BE%D9%84%D8%A7%D9%86%D9%B9%D8%B3-/%D8%B2%D9%85%D8%B1%20%D9%BE%DB%8C%DA%86/,160
https://ur.medeqipexp.com/%D9%85%D8%B5%D9%86%D9%88%D8%B9%D8%A7%D8%AA%20%DA%A9%DB%92%20%D8%B2%D9%85%D8%B1%DB%92/%D8%A2%D8%B1%D8%AA%DA%BE%D9%88%D9%BE%DB%8C%DA%88%DA%A9%20%D8%AC%D8%B1%D8%A7%D8%AD%DB%8C-%D8%B3%D9%BE%D9%84%D8%A7%D8%A6%D8%B2/,165
https://ur.medeqipexp.com/%D9%85%D8%B5%D9%86%D9%88%D8%B9%D8%A7%D8%AA%20%DA%A9%DB%92%20%D8%B2%D9%85%D8%B1%DB%92/%D9%82%D9%84%D8%A8%DB%8C%20%D8%AC%D8%B1%D8%A7%D8%AD%DB%8C-%D8%B3%D9%BE%D9%84%D8%A7%D8%A6%D8%B2/,161
https://ur.medeqipexp.com/%D9%85%D8%B5%D9%86%D9%88%D8%B9%D8%A7%D8%AA%20%DA%A9%DB%92%20%D8%B2%D9%85%D8%B1%DB%92/%D8%A7%DB%8C%D9%86%D8%AF%D9%88%20%D9%85%DA%A9%DB%8C%D9%86%DB%8C%DA%A9%D9%84%20%D8%AC%D8%B1%D8%A7%D8%AD%DB%8C-%D8%B3%D9%BE%D9%84%D8%A7%D8%A6%D8%B2/,163
https://ur.medeqipexp.com/%D9%85%D8%B5%D9%86%D9%88%D8%B9%D8%A7%D8%AA%20%DA%A9%DB%92%20%D8%B2%D9%85%D8%B1%DB%92/%D9%86%DB%92%D8%AA%D8%B1%20%D8%B3%D8%B1%D8%AC%DB%8C%DA%A9%D9%84-%D8%B3%D9%BE%D9%84%D8%A7%D8%A6%D8%B2/,160
https://ur.medeqipexp.com/%D9%85%D8%B5%D9%86%D9%88%D8%B9%D8%A7%D8%AA%20%DA%A9%DB%92%20%D8%B2%D9%85%D8%B1%DB%92/%DB%8C%D9%88%D8%B1%D9%88%D9%84%D9%88%D8%AC%DB%8C%20%D8%AC%D8%B1%D8%A7%D8%AD%DB%8C-%D8%B3%D9%BE%D9%84%D8%A7%D8%A6%D8%B2/,161
https://ur.medeqipexp.com/%D9%85%D8%B5%D9%86%D9%88%D8%B9%D8%A7%D8%AA%20%DA%A9%DB%92%20%D8%B2%D9%85%D8%B1%DB%92/ENT%20%D8%AC%D8%B1%D8%A7%D8%AD%DB%8C-%D8%B3%D9%BE%D9%84%D8%A7%D8%A6%D8%B2/,160
https://ur.medeqipexp.com/%D9%85%D8%B5%D9%86%D9%88%D8%B9%D8%A7%D8%AA%20%DA%A9%DB%92%20%D8%B2%D9%85%D8%B1%DB%92/%D9%85%DB%8C%D8%B4/,160
https://ur.medeqipexp.com/%D9%85%D8%B5%D9%86%D9%88%D8%B9%D8%A7%D8%AA%20%DA%A9%DB%92%20%D8%B2%D9%85%D8%B1%DB%92/%D8%AC%D8%B1%D8%A7%D8%AD%DB%8C/%D8%AF%D9%85%D8%A7%D8%BA%DB%8C%20%D8%A7%D9%85%D8%B1%D8%A7%D8%B6%20%DA%A9%DB%92%20%DA%88%D8%A7%DA%A9%D9%B9%D8%B1%D9%88%DA%BA-%D9%81%D8%B1%D8%A7%DB%81%D9%85%DB%8C/,142
https://ur.medeqipexp.com/%D9%85%D8%B5%D9%86%D9%88%D8%B9%D8%A7%D8%AA%20%DA%A9%DB%92%20%D8%B2%D9%85%D8%B1%DB%92/%D8%B3%D8%B1%D8%AC%DB%8C%DA%A9%D9%84%20%D9%81%D8%B1%D8%A7%DB%81%D9%85%DB%8C-%D9%85%D8%AE%D8%AA%D9%84%D9%81/,162
https://ur.medeqipexp.com/%D9%85%D8%B5%D9%86%D9%88%D8%B9%D8%A7%D8%AA%20%DA%A9%DB%92%20%D8%B2%D9%85%D8%B1%DB%92/%D8%A7%D8%B3%D8%AA%D8%B9%D9%85%D8%A7%D9%84%20%DA%A9%DB%8C%D8%A7%20%D8%AC%D8%A7%D8%AA%D8%A7%20%DB%81%DB%92%20%D8%B7%D8%A8%DB%8C%20%D8%B3%D8%A7%D9%85%D8%A7%D9%86/defibrillators/,91
https://ur.medeqipexp.com/%D9%85%D8%B5%D9%86%D9%88%D8%B9%D8%A7%D8%AA%20%DA%A9%DB%92%20%D8%B2%D9%85%D8%B1%DB%92/%D8%A7%D8%B3%D8%AA%D8%B9%D9%85%D8%A7%D9%84%20%DA%A9%DB%8C%D8%A7%20%D8%AC%D8%A7%D8%AA%D8%A7%20%DB%81%DB%92%20%D8%B7%D8%A8%DB%8C%20%D8%B3%D8%A7%D9%85%D8%A7%D9%86/%DA%A9%D8%B4%DB%8C%D8%AF%DA%AF%DB%8C%20%D8%B3%D8%B3%D9%B9%D9%85%D8%B2%202/,61
https://ur.medeqipexp.com/%D9%85%D8%B5%D9%86%D9%88%D8%B9%D8%A7%D8%AA%20%DA%A9%DB%92%20%D8%B2%D9%85%D8%B1%DB%92/%D8%A7%D8%B3%D8%AA%D8%B9%D9%85%D8%A7%D9%84%20%DA%A9%DB%8C%D8%A7%20%D8%AC%D8%A7%D8%AA%D8%A7%20%DB%81%DB%92%20%D8%B7%D8%A8%DB%8C%20%D8%B3%D8%A7%D9%85%D8%A7%D9%86/%D9%85%D8%AA%D9%81%D8%B1%D9%82/,61
https://ur.medeqipexp.com/%D9%85%D8%B5%D9%86%D9%88%D8%B9%D8%A7%D8%AA%20%DA%A9%DB%92%20%D8%B2%D9%85%D8%B1%DB%92/%D8%B3%D8%A7%D9%85%D8%A7%D9%86%20%D8%A8%D8%B1%D8%A2%D9%85%D8%AF%20%D8%AE%D8%B5%D9%88%D8%B5%DB%8C/%D9%85%D8%AA%D9%81%D8%B1%D9%82%DB%81%20%D8%A7%D8%B4%DB%8C%D8%A7%D8%A1/,63
https://ur.medeqipexp.com/whyused/,61
https://ur.medeqipexp.com/%DA%AF%D8%A7%DA%91%DB%8C/,62
https://ur.medeqipexp.com/%D9%85%D8%B5%D9%86%D9%88%D8%B9%D8%A7%D8%AA%20%DA%A9%DB%92%20%D8%B2%D9%85%D8%B1%DB%92/%D8%A7%D8%B3%D8%AA%D8%B9%D9%85%D8%A7%D9%84%20%DA%A9%DB%8C%D8%A7%20%D8%AC%D8%A7%D8%AA%D8%A7%20%DB%81%DB%92%20%D8%B7%D8%A8%DB%8C%20%D8%B3%D8%A7%D9%85%D8%A7%D9%86/,98
https://ur.medeqipexp.com/CDN-CGI/l/%D8%A7%DB%8C-%D9%85%DB%8C%D9%84-%DA%A9%DB%92-%D8%AA%D8%AD%D9%81%D8%B8#b2dfd7d6d7c3dbc2d7cac2f2d3ddde9cd1dddf,4
https://ur.medeqipexp.com/%DA%A9%D8%A7%20%D8%B3%D8%A7%D9%85%D8%A7%D9%86/%D8%A7%DB%8C%D9%86%D8%B3%D8%AA%DA%BE%DB%8C%D8%B2%DB%8C%D8%A7%20%D8%AD%D8%B5%D9%88%DA%BA/,61
https://ur.medeqipexp.com/%D9%85%D8%B5%D9%86%D9%88%D8%B9%D8%A7%D8%AA%20%DA%A9%DB%92%20%D8%B2%D9%85%D8%B1%DB%92/%D8%B3%D8%A7%D9%85%D8%A7%D9%86%20%D8%A8%D8%B1%D8%A2%D9%85%D8%AF%20%D8%AE%D8%B5%D9%88%D8%B5%DB%8C/,97
https://ur.medeqipexp.com/CDN-CGI/l/%D8%A7%DB%8C-%D9%85%DB%8C%D9%84-%DA%A9%DB%92-%D8%AA%D8%AD%D9%81%D8%B8#6c010908091d051c09141c2c0d0300420f0301,4
https://ur.medeqipexp.com/%D9%85%D8%B5%D9%86%D9%88%D8%B9%D8%A7%D8%AA%20%DA%A9%DB%92%20%D8%B2%D9%85%D8%B1%DB%92/%D8%A2%D8%B1%D8%AA%DA%BE%D9%88%D9%BE%DB%8C%DA%88%DA%A9%20%D8%A7%DB%8C%D9%85%D9%BE%D9%84%D8%A7%D9%86%D9%B9%D8%B3-/depuy-%D8%A7%DB%8C%DA%A9%D8%B3%D9%84%20%D9%81%D8%B1%DB%8C%DA%A9%DA%86%D8%B1%20%DB%81%D9%BE%20%D8%A7%DB%8C%D9%85%D9%BE%D9%84%D8%A7%D9%86%D9%B9%D8%B3,138
https://ur.medeqipexp.com/%D9%85%D8%B5%D9%86%D9%88%D8%B9%D8%A7%D8%AA%20%DA%A9%DB%92%20%D8%B2%D9%85%D8%B1%DB%92/%D8%A2%D8%B1%D8%AA%DA%BE%D9%88%D9%BE%DB%8C%DA%88%DA%A9%20%D8%A7%DB%8C%D9%85%D9%BE%D9%84%D8%A7%D9%86%D9%B9%D8%B3-/%D9%BE%DB%8C%D8%B1%20%D8%A7%DB%8C%D9%85%D9%BE%D9%84%D8%A7%D9%86%D9%B9%D8%B3,102
https://ur.medeqipexp.com/%D9%85%D8%B5%D9%86%D9%88%D8%B9%D8%A7%D8%AA%20%DA%A9%DB%92%20%D8%B2%D9%85%D8%B1%DB%92/%D8%A2%D8%B1%D8%AA%DA%BE%D9%88%D9%BE%DB%8C%DA%88%DA%A9%20%D8%A7%DB%8C%D9%85%D9%BE%D9%84%D8%A7%D9%86%D9%B9%D8%B3-/%D8%B2%D9%85%D8%B1-%D8%A2%D8%B3%D9%B9%D9%86%20%D9%85%D9%88%D8%B1-fenestrated-%DB%81%D9%BE%20%D8%A7%DB%8C%D9%85%D9%BE%D9%84%D8%A7%D9%86%D9%B9%D8%B3,86
https://ur.medeqipexp.com/%D9%85%D8%B5%D9%86%D9%88%D8%B9%D8%A7%D8%AA%20%DA%A9%DB%92%20%D8%B2%D9%85%D8%B1%DB%92/%D8%A2%D8%B1%D8%AA%DA%BE%D9%88%D9%BE%DB%8C%DA%88%DA%A9%20%D8%A7%DB%8C%D9%85%D9%BE%D9%84%D8%A7%D9%86%D9%B9%D8%B3-/%D8%B2%D9%85%D8%B1%20%D8%B1%D8%B4-medullary%20%D9%BE%D9%86%D9%88%DA%BA,98
https://ur.medeqipexp.com/CDN-CGI/l/%D8%A7%DB%8C-%D9%85%DB%8C%D9%84-%DA%A9%DB%92-%D8%AA%D8%AD%D9%81%D8%B8#432e262726322a33263b3303222c2f6d202c2e,4
https://ur.medeqipexp.com/%D9%85%D8%B5%D9%86%D9%88%D8%B9%D8%A7%D8%AA%20%DA%A9%DB%92%20%D8%B2%D9%85%D8%B1%DB%92/%D8%AC%D8%B1%D8%A7%D8%AD%DB%8C/%D8%A2%D8%B1%D8%AA%DA%BE%D9%88%D9%BE%DB%8C%DA%88%DA%A9%20%D8%AC%D8%B1%D8%A7%D8%AD%DB%8C-%D8%B3%D9%BE%D9%84%D8%A7%D8%A6%D8%B2/,165
https://ur.medeqipexp.com/%D9%85%D8%B5%D9%86%D9%88%D8%B9%D8%A7%D8%AA%20%DA%A9%DB%92%20%D8%B2%D9%85%D8%B1%DB%92/%D8%B3%D8%B1%D8%AC%DB%8C%DA%A9%D9%84%20%D9%81%D8%B1%D8%A7%DB%81%D9%85%DB%8C/%D9%82%D9%84%D8%A8%DB%8C%20%D8%AC%D8%B1%D8%A7%D8%AD%DB%8C-%D8%B3%D9%BE%D9%84%D8%A7%D8%A6%D8%B2/,161
https://ur.medeqipexp.com/%D9%85%D8%B5%D9%86%D9%88%D8%B9%D8%A7%D8%AA%20%DA%A9%DB%92%20%D8%B2%D9%85%D8%B1%DB%92/%D8%B9%D8%B1%D9%88%D9%82%DB%8C-%D8%AC%D8%B1%D8%A7%D8%AD%DB%8C-%DA%A9%DB%8C-%D9%81%D8%B1%D8%A7%DB%81%D9%85%DB%8C/,80
https://ur.medeqipexp.com/%D9%85%D8%B5%D9%86%D9%88%D8%B9%D8%A7%D8%AA%20%DA%A9%DB%92%20%D8%B2%D9%85%D8%B1%DB%92/%D8%B3%D8%B1%D8%AC%DB%8C%DA%A9%D9%84%20%D9%81%D8%B1%D8%A7%DB%81%D9%85%DB%8C/%D8%A7%DB%8C%D9%86%D8%AF%D9%88%20%D9%85%DA%A9%DB%8C%D9%86%DB%8C%DA%A9%D9%84%20%D8%AC%D8%B1%D8%A7%D8%AD%DB%8C-%D8%B3%D9%BE%D9%84%D8%A7%D8%A6%D8%B2/,163
https://ur.medeqipexp.com/%D9%85%D8%B5%D9%86%D9%88%D8%B9%D8%A7%D8%AA%20%DA%A9%DB%92%20%D8%B2%D9%85%D8%B1%DB%92/%D8%B3%D8%B1%D8%AC%DB%8C%DA%A9%D9%84%20%D9%81%D8%B1%D8%A7%DB%81%D9%85%DB%8C/%DB%8C%D9%88%D8%B1%D9%88%D9%84%D9%88%D8%AC%DB%8C%20%D8%AC%D8%B1%D8%A7%D8%AD%DB%8C-%D8%B3%D9%BE%D9%84%D8%A7%D8%A6%D8%B2/,161
https://ur.medeqipexp.com/%D9%85%D8%B5%D9%86%D9%88%D8%B9%D8%A7%D8%AA%20%DA%A9%DB%92%20%D8%B2%D9%85%D8%B1%DB%92/%D8%B3%D8%B1%D8%AC%DB%8C%DA%A9%D9%84%20%D9%81%D8%B1%D8%A7%DB%81%D9%85%DB%8C/ENT%20%D8%AC%D8%B1%D8%A7%D8%AD%DB%8C-%D8%B3%D9%BE%D9%84%D8%A7%D8%A6%D8%B2/,160
https://ur.medeqipexp.com/%D9%85%D8%B5%D9%86%D9%88%D8%B9%D8%A7%D8%AA%20%DA%A9%DB%92%20%D8%B2%D9%85%D8%B1%DB%92/%D8%AC%D8%B1%D8%A7%D8%AD%DB%8C/%D8%B9%D8%A7%D9%85%20%D8%B3%D8%B1%D8%AC%DB%8C%DA%A9%D9%84%20%D9%81%D8%B1%D8%A7%DB%81%D9%85%DB%8C/,161
https://ur.medeqipexp.com/%D9%85%D8%B5%D9%86%D9%88%D8%B9%D8%A7%D8%AA%20%DA%A9%DB%92%20%D8%B2%D9%85%D8%B1%DB%92/%D8%B3%D8%B1%D8%AC%DB%8C%DA%A9%D9%84%20%D9%81%D8%B1%D8%A7%DB%81%D9%85%DB%8C/%D8%B3%D8%B1%D8%AC%DB%8C%DA%A9%D9%84%20%D9%81%D8%B1%D8%A7%DB%81%D9%85%DB%8C-%D9%85%D8%AE%D8%AA%D9%84%D9%81/,162
https://ur.medeqipexp.com/%D9%85%D8%B5%D9%86%D9%88%D8%B9%D8%A7%D8%AA%20%DA%A9%DB%92%20%D8%B2%D9%85%D8%B1%DB%92/%D8%B3%D8%B1%D8%AC%DB%8C%DA%A9%D9%84%20%D9%81%D8%B1%D8%A7%DB%81%D9%85%DB%8C/%D9%85%DB%8C%D8%B4/,160
https://ur.medeqipexp.com/CDN-CGI/l/%D8%A7%DB%8C-%D9%85%DB%8C%D9%84-%DA%A9%DB%92-%D8%AA%D8%AD%D9%81%D8%B8#e489818081958d94819c94a4858b88ca878b89,4
https://ur.medeqipexp.com/CDN-CGI/l/%D8%A7%DB%8C-%D9%85%DB%8C%D9%84-%DA%A9%DB%92-%D8%AA%D8%AD%D9%81%D8%B8#8ae7efeeeffbe3faeff2facaebe5e6a4e9e5e7,4
https://ur.medeqipexp.com/%D9%88%D8%A7%D8%B1%D9%86%D9%B9%DB%8C,61
https://ur.medeqipexp.com/%D8%A7%DB%8C%D9%86%D8%B3%D8%AA%DA%BE%DB%8C%D8%B2%DB%8C%D8%A7-%D9%81%DB%81%D8%B1%D8%B3%D8%AA,61
https://ur.medeqipexp.com/%D8%A7%D8%B3%D8%AA%D8%B9%D9%85%D8%A7%D9%84%20%D8%B4%D8%AF%DB%81%20%D8%B3%D8%A7%D9%85%D8%A7%D9%86-%D8%A7%D8%B5%D9%84%D8%A7%D8%AD%20%DA%A9%DB%8C%20%D9%81%DB%81%D8%B1%D8%B3%D8%AA,61
https://ur.medeqipexp.com/CDN-CGI/l/%D8%A7%DB%8C-%D9%85%DB%8C%D9%84-%DA%A9%DB%92-%D8%AA%D8%AD%D9%81%D8%B8#711c14151400180114090131101e1d5f121e1c,4
https://ur.medeqipexp.com/CDN-CGI/l/%D8%A7%DB%8C-%D9%85%DB%8C%D9%84-%DA%A9%DB%92-%D8%AA%D8%AD%D9%81%D8%B8#1479717071657d64716c6454757b783a777b79,4
https://ur.medeqipexp.com/CDN-CGI/l/%D8%A7%DB%8C-%D9%85%DB%8C%D9%84-%DA%A9%DB%92-%D8%AA%D8%AD%D9%81%D8%B8#f19c949594809881948981b1909e9ddf929e9c,4
https://ur.medeqipexp.com/CDN-CGI/l/%D8%A7%DB%8C-%D9%85%DB%8C%D9%84-%DA%A9%DB%92-%D8%AA%D8%AD%D9%81%D8%B8#ee838b8a8b9f879e8b969eae8f8182c08d8183,4
https://ur.medeqipexp.com/%D8%B3%D8%B1%D9%88%D8%B3%20%DA%A9%DB%8C%20%D8%B4%D8%B1%D8%A7%D8%A6%D8%B7/%DA%A9%DB%8C%20%D8%B1%D8%A7%D8%B2%D8%AF%D8%A7%D8%B1%DB%8C,64
https://ur.medeqipexp.com/CDN-CGI/l/%D8%A7%DB%8C-%D9%85%DB%8C%D9%84-%DA%A9%DB%92-%D8%AA%D8%AD%D9%81%D8%B8#6508000100140c15001d1525040a094b060a08,4
https://ur.medeqipexp.com/CDN-CGI/l/%D8%A7%DB%8C-%D9%85%DB%8C%D9%84-%DA%A9%DB%92-%D8%AA%D8%AD%D9%81%D8%B8#bad7dfdedfcbd3cadfc2cafadbd5d694d9d5d7,4
https://ur.medeqipexp.com/CDN-CGI/l/%D8%A7%DB%8C-%D9%85%DB%8C%D9%84-%DA%A9%DB%92-%D8%AA%D8%AD%D9%81%D8%B8#7518101110041c05100d0535141a195b161a18,4
https://ur.medeqipexp.com/CDN-CGI/l/%D8%A7%DB%8C-%D9%85%DB%8C%D9%84-%DA%A9%DB%92-%D8%AA%D8%AD%D9%81%D8%B8#0e636b6a6b7f677e6b767e4e6f6162206d6163,4
https://ur.medeqipexp.com/CDN-CGI/l/%D8%A7%DB%8C-%D9%85%DB%8C%D9%84-%DA%A9%DB%92-%D8%AA%D8%AD%D9%81%D8%B8#6b060e0f0e1a021b0e131b2b0a040745080406,4
https://ur.medeqipexp.com/CDN-CGI/l/%D8%A7%DB%8C-%D9%85%DB%8C%D9%84-%DA%A9%DB%92-%D8%AA%D8%AD%D9%81%D8%B8#fe939b9a9b8f978e9b868ebe9f9192d09d9193,4
https://ur.medeqipexp.com/CDN-CGI/l/%D8%A7%DB%8C-%D9%85%DB%8C%D9%84-%DA%A9%DB%92-%D8%AA%D8%AD%D9%81%D8%B8#264b434243574f56435e566647494a0845494b,4
https://ur.medeqipexp.com/CDN-CGI/l/%D8%A7%DB%8C-%D9%85%DB%8C%D9%84-%DA%A9%DB%92-%D8%AA%D8%AD%D9%81%D8%B8#f499919091859d84918c84b4959b98da979b99,4
https://ur.medeqipexp.com/CDN-CGI/l/%D8%A7%DB%8C-%D9%85%DB%8C%D9%84-%DA%A9%DB%92-%D8%AA%D8%AD%D9%81%D8%B8#38555d5c5d4951485d404878595754165b5755,4
https://ur.medeqipexp.com/CDN-CGI/l/%D8%A7%DB%8C-%D9%85%DB%8C%D9%84-%DA%A9%DB%92-%D8%AA%D8%AD%D9%81%D8%B8#e9848c8d8c9880998c9199a9888685c78a8684,4
https://ur.medeqipexp.com/%D9%85%D8%B5%D9%86%D9%88%D8%B9%D8%A7%D8%AA/datascope-%D9%BE%D8%A7%D8%B3%D9%BE%D9%88%D8%B1%D9%B9%202-%D8%A7%DB%8C%D9%86%D8%B3%D8%AA%DA%BE%DB%8C%D8%B2%DB%8C%D8%A7%20%D9%85%D8%B1%DB%8C%D8%B6%20%D9%85%D8%A7%D9%86%DB%8C%D9%B9%D8%B1-W%20%D8%B1%D9%86%DA%AF%20%D8%B3%DA%A9%D8%B1%DB%8C%D9%86/,68
https://ur.medeqipexp.com/%D9%85%D8%B5%D9%86%D9%88%D8%B9%D8%A7%D8%AA/datascope-%D9%BE%D8%A7%D8%B3%D9%BE%D9%88%D8%B1%D9%B9%2002-%D9%85%D8%B1%DB%8C%D8%B6%20%D9%85%D8%A7%D9%86%DB%8C%D9%B9%D8%B1%20c2-W%20%D8%A7%D9%88%D8%B1%20%D8%B1%D9%86%DA%AF%20%DA%A9%DB%8C%20%D8%B3%DA%A9%D8%B1%DB%8C%D9%86/,68
https://ur.medeqipexp.com/%D9%85%D8%B5%D9%86%D9%88%D8%B9%D8%A7%D8%AA/datex-ohmeda-S-5-cardiocap-5-%D8%A7%DB%8C%D9%86%D8%B3%D8%AA%DA%BE%DB%8C%D8%B2%DB%8C%D8%A7%20%D9%85%D8%B1%DB%8C%D8%B6%20%D9%85%D8%A7%D9%86%DB%8C%D9%B9%D8%B1%D8%8C%20%D8%AA%D8%AC%D8%AF%DB%8C%D8%AF%20%D8%B4%D8%AF%DB%81/,67
https://ur.medeqipexp.com/%D9%85%D8%B5%D9%86%D9%88%D8%B9%D8%A7%D8%AA/datex-ohmeda-S-15-M-%D8%B3%DB%8C%D8%B1%DB%8C%D8%B2%20%D9%85%D8%A7%D9%86%DB%8C%D9%B9%D8%B1%205%20%D9%81%D9%84%DB%8C%D9%B9%20%D9%BE%DB%8C%D9%86%D9%84%20%DA%88%D8%B3%D9%BE%D9%84%DB%92%20%DA%A9%D9%86%DA%88%DB%8C%D8%B4%D9%86/,68
https://ur.medeqipexp.com/%D9%85%D8%B5%D9%86%D9%88%D8%B9%D8%A7%D8%AA/GE-%D8%B4%D9%85%D8%B3%DB%8C%208000m-%D8%A7%DB%8C%D9%86%D8%B3%D8%AA%DA%BE%DB%8C%D8%B2%DB%8C%D8%A7%20%D9%85%D8%B1%DB%8C%D8%B6%20%D9%85%D8%A7%D9%86%DB%8C%D9%B9%D8%B1-%DA%A9%D9%86%DA%88%DB%8C%D8%B4%D9%86/,65
https://ur.medeqipexp.com/%D9%85%D8%B5%D9%86%D9%88%D8%B9%D8%A7%D8%AA/datex-ohmeda-aestiva-7900-%DA%A9%DB%92-%D8%B3%D8%A7%D8%AA%DA%BE-3000-%DA%86%DA%BE%D8%AF%D8%B1-%D8%AA%D8%AC%D8%AF%DB%8C%D8%AF-%D8%B4%D8%AF%DB%81/,75
https://ur.medeqipexp.com/%D9%85%D8%B5%D9%86%D9%88%D8%B9%D8%A7%D8%AA/drager-Fabius-%D9%86%DB%92-GS-%D8%AA%D8%AC%D8%AF%DB%8C%D8%AF-%D8%B4%D8%AF%DB%81/,73
https://ur.medeqipexp.com/%D9%85%D8%B5%D9%86%D9%88%D8%B9%D8%A7%D8%AA/drager-Fabius-%D9%86%DB%92-GS-%D9%BE%D8%B1%DB%8C%D9%85%DB%8C%D9%85-%D8%AA%D8%AC%D8%AF%DB%8C%D8%AF-%D8%B4%D8%AF%DB%81/,67
https://ur.medeqipexp.com/%D9%85%D8%B5%D9%86%D9%88%D8%B9%D8%A7%D8%AA/drager-Fabius-%D9%86%DB%92-%D8%B4%D9%88%D9%B9-%D8%AA%D8%AC%D8%AF%DB%8C%D8%AF-%D8%B4%D8%AF%DB%81/,68
https://ur.medeqipexp.com/%D9%85%D8%B5%D9%86%D9%88%D8%B9%D8%A7%D8%AA/drager-narkomed-2b%20%DA%A9%DB%92%20%D8%B7%D9%88%D8%B1%20%D9%BE%D8%B1%20%DB%81%DB%92%20%DA%A9%D8%A7%D9%85/,72
https://ur.medeqipexp.com/%D9%85%D8%B5%D9%86%D9%88%D8%B9%D8%A7%D8%AA/drager-narkomed-2c%20%DA%A9%DB%92%20%D8%B7%D9%88%D8%B1%20%D9%BE%D8%B1%20%DB%81%DB%92%20%DA%A9%D8%A7%D9%85/,75
https://ur.medeqipexp.com/%D9%85%D8%B5%D9%86%D9%88%D8%B9%D8%A7%D8%AA/drager-narkomed-4%20%DA%A9%DB%92%20%D8%B7%D9%88%D8%B1%20%D9%BE%D8%B1%20%DB%81%DB%92%20%DA%A9%D8%A7%D9%85/,75
https://ur.medeqipexp.com/%D9%85%D8%B5%D9%86%D9%88%D8%B9%D8%A7%D8%AA/drager-narkomed-6400-%D8%A7%DB%8C%D9%86%D8%B3%D8%AA%DA%BE%DB%8C%D8%B2%DB%8C%D8%A7%20%D9%85%D8%B4%DB%8C%D9%86%20%DB%81%DB%92%20%DA%A9%DB%92%20%D8%B7%D9%88%D8%B1%20%D9%BE%D8%B1%20%DA%A9%D8%A7%D9%85/,68
https://ur.medeqipexp.com/%D9%85%D8%B5%D9%86%D9%88%D8%B9%D8%A7%D8%AA/GE-aespire-7100-%DA%86%DA%BE%D8%AF%D8%B1/,72
https://ur.medeqipexp.com/%D9%85%D8%B5%D9%86%D9%88%D8%B9%D8%A7%D8%AA/GE-aespire-7900-%DA%86%DA%BE%D8%AF%D8%B1/,72
https://ur.medeqipexp.com/%D9%85%D8%B5%D9%86%D9%88%D8%B9%D8%A7%D8%AA/%D8%AC%DB%8C-%D8%AC%DB%8C%D9%88-%D8%A7%DB%8C%DB%8C%D8%B3%D9%B9%DB%8C%D9%88--5/,68
https://ur.medeqipexp.com/CDN-CGI/l/%D8%A7%DB%8C-%D9%85%DB%8C%D9%84-%DA%A9%DB%92-%D8%AA%D8%AD%D9%81%D8%B8#dfb2babbbaaeb6afbaa7af9fbeb0b3f1bcb0b2,4
https://ur.medeqipexp.com/%D9%85%D8%B5%D9%86%D9%88%D8%B9%D8%A7%D8%AA/alcon-Centurion-%D9%88%DA%98%D9%86-%D9%86%D8%B8%D8%A7%D9%85/,65
https://ur.medeqipexp.com/%D9%85%D8%B5%D9%86%D9%88%D8%B9%D8%A7%D8%AA/%D8%A7%D9%84%DA%A9%D9%88%DA%A9---%D8%A7%D9%86%D9%81%DB%8C%D9%86%D9%B9---%D9%88%DA%98%D9%86-%D9%86%D8%B8%D8%A7%D9%85/,76
https://ur.medeqipexp.com/%D9%85%D8%B5%D9%86%D9%88%D8%B9%D8%A7%D8%AA/alcon-luxor-lx3-%DA%86%D8%B4%D9%85-%D8%AE%D9%88%D8%B1%D8%AF%D8%A8%DB%8C%D9%86/,67
https://ur.medeqipexp.com/%D9%85%D8%B5%D9%86%D9%88%D8%B9%D8%A7%D8%AA/%D8%A7%D9%85%D9%88-%D8%AF%D8%B3%D8%AA%D8%AE%D8%B7-Phaco-%D9%86%D8%B8%D8%A7%D9%85/,67
https://ur.medeqipexp.com/%D9%85%D8%B5%D9%86%D9%88%D8%B9%D8%A7%D8%AA/AMO-%D8%AE%D9%88%D8%AF%20%D9%85%D8%AE%D8%AA%D8%A7%D8%B1-%DA%A9%D9%85%D9%BE%DB%8C%DA%A9%D9%B9%20phaco%20%D9%86%D8%B8%D8%A7%D9%85/,76
https://ur.medeqipexp.com/%D9%85%D8%B5%D9%86%D9%88%D8%B9%D8%A7%D8%AA/%D8%A8%D8%A7%D9%86%D8%B3-%D8%B2%D9%85%D8%A8%D8%A7%D8%A8%D9%88%DB%92-%D8%A7%D8%B3%D9%B9%DB%8C%D9%84%D8%A7%D8%B1%DB%8C%D8%B3-%D9%BE%DB%8C-%D8%B3%DB%8C-%D9%81%DA%A9%D9%88-%D8%B3%D8%B3%D9%B9%D9%85/,68
https://ur.medeqipexp.com/%D9%85%D8%B5%D9%86%D9%88%D8%B9%D8%A7%D8%AA/%DA%A9%DB%8C%D9%86%D9%86-CR-2-%D8%A7%DB%92-%D8%A7%DB%8C%D9%81-%DA%88%DB%8C%D8%AC%DB%8C%D9%B9%D9%84-%D8%B1%DB%8C%D9%B9%D9%86%D8%A7-%DA%A9%DB%8C%D9%85%D8%B1%DB%81/,67
https://ur.medeqipexp.com/%D9%85%D8%B5%D9%86%D9%88%D8%B9%D8%A7%D8%AA/%DA%A9%D9%88%D9%85%D9%BE%DB%8C%DA%A9%D9%B9-%D8%A7%D9%86%D9%B9%DB%8C%D9%88%D9%B9%DB%8C%D9%88-%D9%81%D8%A7%DA%A9%D9%88-%D8%B3%D8%B3%D9%B9%D9%85/,65
https://ur.medeqipexp.com/%D9%85%D8%B5%D9%86%D9%88%D8%B9%D8%A7%D8%AA/%D9%86%DA%A9%D8%B4%D8%AA%D8%B1-%D9%88%DA%98%D9%86-%D9%86%D8%B8%D8%A7%D9%85-ALCON/,69
https://ur.medeqipexp.com/%D9%85%D8%B5%D9%86%D9%88%D8%B9%D8%A7%D8%AA/%DA%88%D8%A7%DB%8C%D9%BE%D9%88%D8%B3-%D9%86%D9%88%D9%88%D8%A7-%D9%88%DB%8C%D9%BE-%D9%88%DA%98%D9%86-%D9%B9%DB%8C%D8%B3%D9%B9%D9%86%DA%AF-%D8%B3%D8%B3%D9%B9%D9%85/,67
https://ur.medeqipexp.com/%D9%85%D8%B5%D9%86%D9%88%D8%B9%D8%A7%D8%AA/%D8%A7%DB%8C%D9%86%DA%88%D9%88-%D8%A2%D9%BE%D9%B9%DA%A9%D8%B3-%D8%A7%DB%8C-2-%D9%86%DB%92%D8%AA%D8%B1-%D9%84%DB%8C%D8%B2%D8%B1-%D8%A7%DB%8C%D9%86%DA%88%D9%88%DA%A9%D9%88%D9%BE%DB%8C-%D8%B3%D8%B3%D9%B9%D9%85/,67
https://ur.medeqipexp.com/%D9%85%D8%B5%D9%86%D9%88%D8%B9%D8%A7%D8%AA/%D9%81%D8%B1%DB%8C%D8%AC%D9%B9%D8%B1%D9%88%D9%86%DA%A9%D8%B3-%D8%B3%DB%8C-2000-%DA%A9%D8%B1%DB%8C%D9%88-%D8%B3%D8%B3%D9%B9%D9%85/,65
https://ur.medeqipexp.com/%D9%85%D8%B5%D9%86%D9%88%D8%B9%D8%A7%D8%AA/%DB%81%D8%A7%DA%AF-%D8%A7%D8%B3%D9%B9%D8%B1%DB%8C%D9%B9-bq-900-%D8%B3%D9%84%D9%B9-%D9%84%DB%8C%D9%85%D9%BE/,67
https://ur.medeqipexp.com/%D9%85%D8%B5%D9%86%D9%88%D8%B9%D8%A7%D8%AA/iridex-oculight-slx-810-%D9%84%DB%8C%D8%B2%D8%B1/,67
https://ur.medeqipexp.com/%D9%85%D8%B5%D9%86%D9%88%D8%B9%D8%A7%D8%AA/%D9%84%DB%8C%D9%BE%DB%8C%D9%88%DB%8C%D9%88-III-%D8%A2%DA%A9%D9%88%D9%84%D8%B1-%D8%B3%D8%B7%D8%AD-%D8%A7%D9%86%D9%B9%D8%B1%D9%81%DB%8C%D8%B1%D9%88%D9%85%DB%8C%D9%B9%D8%B1%DB%94/,65
https://ur.medeqipexp.com/%D9%85%D8%B5%D9%86%D9%88%D8%B9%D8%A7%D8%AA/%D9%84%DB%8C%D9%85%DB%8C%D9%86%DB%8C%D8%B3-%D8%B3%D9%84%DB%8C%DA%A9%D9%B9%D8%A7-%DA%88%D9%88%D8%A6%D9%84%DB%8C%D9%B9-%D8%B3%D9%84%D8%A7%D9%B9-%DB%8C%D8%A7-%DA%A9%D8%A7%D9%85%D8%A8%D9%88-%D9%84%DB%8C%D8%B2%D8%B1/,67
https://ur.medeqipexp.com/%D9%85%D8%B5%D9%86%D9%88%D8%B9%D8%A7%D8%AA/lumenis-selecta-ii-%D8%B3%D9%84%D9%B9-%D9%84%DB%8C%D8%B2%D8%B1/,67
https://ur.medeqipexp.com/%D9%85%D8%B5%D9%86%D9%88%D8%B9%D8%A7%D8%AA/nidek-AFC-230-%D9%81%D9%86%DA%88%D8%B3-%DA%A9%DB%8C%D9%85%D8%B1%D8%A7/,67
https://ur.medeqipexp.com/%D9%85%D8%B5%D9%86%D9%88%D8%B9%D8%A7%D8%AA/%D9%86%D9%88%DA%88%DA%A9-%D8%A7%D9%81-%D8%B3%DB%8C-330-%D9%81%D9%86%DA%88%D8%B3-%DA%A9%DB%8C%D9%85%D8%B1%DB%92/,66
https://ur.medeqipexp.com/%D9%85%D8%B5%D9%86%D9%88%D8%B9%D8%A7%D8%AA/nidek-%DB%8C%D9%88-1800-%DB%8C%DA%AF-%D9%84%DB%8C%D8%B2%D8%B1/,67
https://ur.medeqipexp.com/%D9%85%D8%B5%D9%86%D9%88%D8%B9%D8%A7%D8%AA/oculus-sdi4e-%D8%A7%D9%84%DB%8C%DA%A9%D9%B9%D8%B1%D8%A7%D9%86%DA%A9-%D8%A7%D9%86%D9%88%D8%B1%D9%B9%D8%B1/,65
https://ur.medeqipexp.com/%D9%85%D8%B5%D9%86%D9%88%D8%B9%D8%A7%D8%AA/%D8%A7%D9%88%D9%BE%DB%8C%DA%88-%D8%A7%D8%B3%DA%A9%DB%8C%D9%86-ii-%D9%85%D8%A7%D8%B1%DA%A9%D9%88-%D9%86%D9%88%DA%88%DA%A9/,67
https://ur.medeqipexp.com/%D9%85%D8%B5%D9%86%D9%88%D8%B9%D8%A7%D8%AA/%D8%A2%D9%BE%D9%B9%D9%88%D8%B3-%DA%A9%DB%8C%D9%84%D9%81%D9%88%D8%B1%D9%86%DB%8C%D8%A7-%D8%A2%D8%B1-%D8%AC%DB%8C-%D8%B1%DB%8C%D9%B9%D9%86%D8%A7-%DA%A9%DB%8C%D9%85%D8%B1%DB%81/,69
https://ur.medeqipexp.com/%D9%85%D8%B5%D9%86%D9%88%D8%B9%D8%A7%D8%AA/%D8%A2%D9%BE%D8%B3-%D9%85%DB%8C%DA%BA-%DA%88%D9%88%D9%86%D9%B9%D8%A7/,68
https://ur.medeqipexp.com/%D9%85%D8%B5%D9%86%D9%88%D8%B9%D8%A7%D8%AA/%D9%BE%D8%A7%D8%B3%DA%A9%D9%84-%D9%81%D9%88%D9%B9%D9%88-%DA%A9%D9%88%DA%AF%D9%88%D9%84%DB%8C%D9%B9%D8%B1-%DA%AF%D8%B1%DB%8C%D9%86-%D9%84%DB%8C%D8%B2%D8%B1/,65
https://ur.medeqipexp.com/%D9%85%D8%B5%D9%86%D9%88%D8%B9%D8%A7%D8%AA/%D8%AA%D8%A7%D8%B1%DA%A9%DB%8C%DB%8C-%D9%86%D9%82%D8%B7%DB%81-%D9%86%D8%B8%D8%B1-%DA%A9%D9%88-%D8%A8%DB%81%D8%AA%D8%B1-%D8%A8%D9%86%D8%A7%D9%86%DB%92-%DA%A9%D8%A7-%D9%86%D8%B8%D8%A7%D9%85/,69
https://ur.medeqipexp.com/%D9%85%D8%B5%D9%86%D9%88%D8%B9%D8%A7%D8%AA/%D9%B9%DB%8C%D9%85%DB%8C-RN-7000/,67
https://ur.medeqipexp.com/%D9%85%D8%B5%D9%86%D9%88%D8%B9%D8%A7%D8%AA/%D8%B3%D8%A8-%D8%B3%DB%92-%D8%A7%D9%88%D9%BE%D8%B1-%DA%A9%D8%A7%D9%81%D8%B1-%D9%81%D9%88%D9%B9%D9%88-%DA%AF%D8%B1%D8%A7%D8%A4%DA%A9%D9%88%D9%84%DB%8C%D9%B9%D8%B1-%DA%A9%D9%88-%D8%B7%D9%88%D9%84-%D8%AF%DB%8C%D8%AA%DB%92-%DB%81%DB%8C%DA%BA/,66
https://ur.medeqipexp.com/%D9%85%D8%B5%D9%86%D9%88%D8%B9%D8%A7%D8%AA/topcon-trc-nw7sf-mark-ii/,65
https://ur.medeqipexp.com/%D9%85%D8%B5%D9%86%D9%88%D8%B9%D8%A7%D8%AA/%D9%B9%D8%A7%D9%BE%DA%A9%D9%88%D9%86-%D9%B9%DB%8C-%D8%A2%D8%B1-%D8%B3%DB%8C-%D8%A7%DB%8C%D9%86-%DA%88%D8%A8%D9%84%DB%8C%D9%88-300-%D9%81%D9%86%DA%88%D8%B3-%DA%A9%DB%8C%D9%85%D8%B1%D8%A7-%D8%A7%D9%85%DB%8C%D8%AC%D9%86%DB%8C%D9%B9-%DA%A9%DB%92-%D8%B3%D8%A7%D8%AA%DA%BE/,67
https://ur.medeqipexp.com/%D9%85%D8%B5%D9%86%D9%88%D8%B9%D8%A7%D8%AA/%D9%B9%D8%A7%D9%BE%DA%A9%D9%88%D9%86-%D9%B9%DB%8C-%D8%A2%D8%B1-%D8%B3%DB%8C-%D8%A7%DB%8C%D9%86-%DA%88%D8%A8%D9%84%DB%8C%D9%88-8-%D8%B1%DB%8C%D9%B9%D9%86%D8%A7-%D9%81%D9%86%DA%88-%DA%A9%DB%8C%D9%85%D8%B1%D8%A7/,67
https://ur.medeqipexp.com/%D9%85%D8%B5%D9%86%D9%88%D8%B9%D8%A7%D8%AA/%D8%B2%DB%8C%D8%B3-%D8%B3%D8%B1%D8%B3-6000-%D8%A7%DA%A9%D8%AA%D9%88%D8%A8%D8%B1/,67
https://ur.medeqipexp.com/%D9%85%D8%B5%D9%86%D9%88%D8%B9%D8%A7%D8%AA/%D8%B2%DB%8C%D8%A6%D8%B3-%D8%B3%D8%A7%D8%A6%D8%B1%D8%B3-%D8%A7%DB%8C%DA%86-%DA%88%DB%8C-5000-%D8%A7%DA%A9%D8%AA%D9%88%D8%A8%D8%B1/,67
https://ur.medeqipexp.com/%D9%85%D8%B5%D9%86%D9%88%D8%B9%D8%A7%D8%AA/%D8%B2%DB%8C%D8%B3-%D8%B3%D8%B1%D8%B3-%D8%A7%DB%8C%DA%86-%DA%88%DB%8C---%D8%A7%D9%88%D9%B9-%D9%85%D8%A7%DA%88%D9%84-%D8%A7%DB%8C%DA%A9%D8%B3-%D8%A7%DB%8C%D9%86-%D8%A7%DB%8C%DA%A9%D8%B3-%D8%A7%DB%8C%DA%A9%D8%B3/,70
https://ur.medeqipexp.com/%D9%85%D8%B5%D9%86%D9%88%D8%B9%D8%A7%D8%AA/%D8%B2%DB%8C%D8%B3-%D8%B3%D8%B1%D8%B3-%D9%81%D9%88%D9%B9%D9%88-800-%D8%A7%DA%A9%D8%AA%D9%88%D8%A8%D8%B1-%DA%A9%DB%8C%D9%85%D8%B1%DB%81/,66
https://ur.medeqipexp.com/%D9%85%D8%B5%D9%86%D9%88%D8%B9%D8%A7%D8%AA/%D8%B2%DB%8C%D8%B3-%DA%A9%D9%84%D8%A7%D8%B1%D8%B3-500-%D9%88%D8%B3%DB%8C%D8%B9-%D9%81%DB%8C%D9%84%DA%88-%D9%81%D9%86%DA%88%D8%B3-%DA%A9%DB%8C%D9%85%D8%B1%DB%81/,67
https://ur.medeqipexp.com/%D9%85%D8%B5%D9%86%D9%88%D8%B9%D8%A7%D8%AA/%D8%B2%DB%8C%D8%A6%D8%B3-%D8%A7%DB%8C%D9%81-%D8%A7%DB%8C%D9%81-450-%D9%BE%D9%84%D8%B3-%D9%81%D9%86%DA%88%D8%B3-%DA%A9%DB%8C%D9%85%D8%B1%D8%A7/,67
https://ur.medeqipexp.com/%D9%85%D8%B5%D9%86%D9%88%D8%B9%D8%A7%D8%AA/Zeiss-HFA-745I/,64
https://ur.medeqipexp.com/%D9%85%D8%B5%D9%86%D9%88%D8%B9%D8%A7%D8%AA/Zeiss-HFA-750/,64
https://ur.medeqipexp.com/%D9%85%D8%B5%D9%86%D9%88%D8%B9%D8%A7%D8%AA/Zeiss-iol-%D9%85%D8%A7%D8%B3%D9%B9%D8%B1-500/,67
https://ur.medeqipexp.com/%D9%85%D8%B5%D9%86%D9%88%D8%B9%D8%A7%D8%AA/Zeiss-opmi-lumera-t-on-s-8-%D8%A7%D8%B3%D9%B9%DB%8C%D9%86%DA%88/,69
https://ur.medeqipexp.com/%D9%85%D8%B5%D9%86%D9%88%D8%B9%D8%A7%D8%AA/Zeiss-opmi-visu-150-s7-%D8%A7%D8%B3%D9%B9%DB%8C%D9%86%DA%88-%D9%BE%D8%B1/,66
https://ur.medeqipexp.com/%D9%85%D8%B5%D9%86%D9%88%D8%B9%D8%A7%D8%AA/Zeiss-opmi-visu-160-s7-%D8%A7%D8%B3%D9%B9%DB%8C%D9%86%DA%88-%D9%BE%D8%B1/,66
https://ur.medeqipexp.com/%D9%85%D8%B5%D9%86%D9%88%D8%B9%D8%A7%D8%AA/%D8%B2%DB%8C%DB%8C%D8%B3-%D9%88%DB%8C%D8%B4%D9%88%DA%A9-%D8%A7%DB%8C%D9%86-%D8%A7%DB%8C%D9%85-%D9%BE%D8%B1%D9%88-%D8%B1%DB%8C%D9%B9%DB%8C%D9%86%D9%B9-%DA%A9%DB%8C%D9%85%D8%B1%DB%92/,67
https://ur.medeqipexp.com/%D9%85%D8%B5%D9%86%D9%88%D8%B9%D8%A7%D8%AA/zeiss-visucam-nm-fa-fundus-camera-system-%D9%85%D8%B1%DB%8C%D8%B6-%D8%AA%DB%8C%D8%A7%D8%B1-%DB%81%DB%92%DB%94/,66
https://ur.medeqipexp.com/%D9%85%D8%B5%D9%86%D9%88%D8%B9%D8%A7%D8%AA/zeiss-visulas-lll-%DB%8C%D8%A7%DA%AF-%D9%84%DB%8C%D8%B2%D8%B1/,66
https://ur.medeqipexp.com/CDN-CGI/l/%D8%A7%DB%8C-%D9%85%DB%8C%D9%84-%DA%A9%DB%92-%D8%AA%D8%AD%D9%81%D8%B8#b6dbd3d2d3c7dfc6d3cec6f6d7d9da98d5d9db,4
https://ur.medeqipexp.com/CDN-CGI/l/%D8%A7%DB%8C-%D9%85%DB%8C%D9%84-%DA%A9%DB%92-%D8%AA%D8%AD%D9%81%D8%B8,4
https://ur.medeqipexp.com/%D9%85%D8%B5%D9%86%D9%88%D8%B9%D8%A7%D8%AA/212856-depuy-mitek-microfix-%D9%81%D9%88%D8%B1%DB%8C-%D8%A7%DB%8C%D9%86%DA%A9%D8%B1-%D8%B2%D8%A7%D8%A6%D8%AF/,68
https://ur.medeqipexp.com/%D9%85%D8%B5%D9%86%D9%88%D8%B9%D8%A7%D8%AA%20%DA%A9%DB%92%20%D8%B2%D9%85%D8%B1%DB%92/%D8%A2%D8%B1%D8%AA%DA%BE%D9%88%D9%BE%DB%8C%DA%88%DA%A9%20%D8%A7%DB%8C%D9%85%D9%BE%D9%84%D8%A7%D9%86%D9%B9%D8%B3-/%D8%A7%DB%8C%D9%86%DA%A9%D8%B1%D8%B2/?add-to-cart=2260,66
https://ur.medeqipexp.com/%D9%85%D8%B5%D9%86%D9%88%D8%B9%D8%A7%D8%AA/0-Depuy-mitek-3-222130mm-fastin-%D9%84%D9%86%DA%AF%D8%B1/,67
https://ur.medeqipexp.com/%D9%85%D8%B5%D9%86%D9%88%D8%B9%D8%A7%D8%AA%20%DA%A9%DB%92%20%D8%B2%D9%85%D8%B1%DB%92/%D8%A2%D8%B1%D8%AA%DA%BE%D9%88%D9%BE%DB%8C%DA%88%DA%A9%20%D8%A7%DB%8C%D9%85%D9%BE%D9%84%D8%A7%D9%86%D9%B9%D8%B3-/%D8%A7%DB%8C%D9%86%DA%A9%D8%B1%D8%B2/?add-to-cart=287,69
https://ur.medeqipexp.com/%D9%85%D8%B5%D9%86%D9%88%D8%B9%D8%A7%D8%AA/0-Depuy-mitek-4-222140-mm-fastin-%D9%84%D9%86%DA%AF%D8%B1/,67
https://ur.medeqipexp.com/%D9%85%D8%B5%D9%86%D9%88%D8%B9%D8%A7%D8%AA/2-Depuy-mitek-5-222152mm-fastin-%D9%84%D9%86%DA%AF%D8%B1/,68
https://ur.medeqipexp.com/%D9%85%D8%B5%D9%86%D9%88%D8%B9%D8%A7%D8%AA/5-020-100-Stryker-3910mm-%D9%84%D9%86%DA%AF%D8%B1-%DA%A9%D9%81/,68
https://ur.medeqipexp.com/%D9%85%D8%B5%D9%86%D9%88%D8%B9%D8%A7%D8%AA%20%DA%A9%DB%92%20%D8%B2%D9%85%D8%B1%DB%92/%D8%A2%D8%B1%D8%AA%DA%BE%D9%88%D9%BE%DB%8C%DA%88%DA%A9%20%D8%A7%DB%8C%D9%85%D9%BE%D9%84%D8%A7%D9%86%D9%B9%D8%B3-/%D8%A7%DB%8C%D9%86%DA%A9%D8%B1%D8%B2/?add-to-cart=307,72
https://ur.medeqipexp.com/%D9%85%D8%B5%D9%86%D9%88%D8%B9%D8%A7%D8%AA/72200762-twinfix-ti-2-8-suture-%D9%84%D9%86%DA%AF%D8%B1/,68
https://ur.medeqipexp.com/%D9%85%D8%B5%D9%86%D9%88%D8%B9%D8%A7%D8%AA/%D8%A2%D8%B1-1319ft-arthrex-%D9%85%D9%86%DB%8C-%D9%85%D9%86%DB%8C-%DA%A9%D8%A7%D8%B1%DA%A9-%D8%B3%DA%A9%D8%B1%D9%88-%D9%81%D9%88%D9%B9-%D8%B3%DB%8C%D9%88%D9%86-%D9%84%D9%86%DA%AF%D8%B1/,66
https://ur.medeqipexp.com/%D9%85%D8%B5%D9%86%D9%88%D8%B9%D8%A7%D8%AA/AR-5s-arthrex-1920mm-corkscrew-%DA%A9%DB%92-%D8%B3%DB%8C%D9%88%D9%86-%D9%84%D9%86%DA%AF%D8%B1/,66
https://ur.medeqipexp.com/%D9%85%D8%B5%D9%86%D9%88%D8%B9%D8%A7%D8%AA/%D8%A2%D8%B1%D9%B9%DB%8C%DA%A9%D8%B3-%D8%A2%D8%B1-%D8%A2%D8%B1-1934bcft-%D8%A8%D8%A7%D8%A6%DB%8C%D9%88%DA%A9%D9%88%D9%BE%D9%88%D8%A7%D8%A6%D9%B9-suturetak-suture-%D9%84%D9%86%DA%AF%D8%B1/,65
https://ur.medeqipexp.com/%D9%85%D8%B5%D9%86%D9%88%D8%B9%D8%A7%D8%AA/arthrex-ar-1662bc-%D8%B3%DB%8C%D9%88%D9%86-%D8%A7%DB%8C%D9%86%DA%A9%D8%B1-6-25-x-19-1-%D9%85%D9%84%DB%8C-%D9%85%DB%8C%D9%B9%D8%B1-%D8%A8%D8%A7%D8%A6%DB%8C%D9%88%DA%A9%D9%88%D9%85%D9%BE%D9%88%D8%B2%D8%A7%D8%A6%D9%B9/,65
https://ur.medeqipexp.com/%D9%85%D8%B5%D9%86%D9%88%D8%B9%D8%A7%D8%AA%20%DA%A9%DB%92%20%D8%B2%D9%85%D8%B1%DB%92/%D8%A2%D8%B1%D8%AA%DA%BE%D9%88%D9%BE%DB%8C%DA%88%DA%A9%20%D8%A7%DB%8C%D9%85%D9%BE%D9%84%D8%A7%D9%86%D9%B9%D8%B3-/%D8%A7%DB%8C%D9%86%DA%A9%D8%B1%D8%B2/?add-to-cart=5777,75
https://ur.medeqipexp.com/%D9%85%D8%B5%D9%86%D9%88%D8%B9%D8%A7%D8%AA/%D8%A2%D8%B1%D8%AA%DA%BE%D8%B1%DB%8C%DA%A9%D8%B3-%D8%A2%D8%B1-%D8%A2%D8%B1-7BC-1662-%D8%A8%D8%A7%D8%A6%DB%8C%D9%88%D9%88%D9%85%D9%BE%D9%88%D8%B3%D8%A7%D8%A6%D9%B9-swivelock-suture-%D9%84%D9%86%DA%AF%D8%B1/,68
https://ur.medeqipexp.com/%D9%85%D8%B5%D9%86%D9%88%D8%B9%D8%A7%D8%AA%20%DA%A9%DB%92%20%D8%B2%D9%85%D8%B1%DB%92/%D8%A2%D8%B1%D8%AA%DA%BE%D9%88%D9%BE%DB%8C%DA%88%DA%A9%20%D8%A7%DB%8C%D9%85%D9%BE%D9%84%D8%A7%D9%86%D9%B9%D8%B3-/%D8%A7%DB%8C%D9%86%DA%A9%D8%B1%D8%B2/?add-to-cart=3798,78
https://ur.medeqipexp.com/%D9%85%D8%B5%D9%86%D9%88%D8%B9%D8%A7%D8%AA/%D8%A2%D8%B1%D8%AA%DA%BE%D8%B1%DB%8C%DA%A9%D8%B3-%D8%A2%D8%B1-%D8%A2%D8%B1-8BC-1662-%D8%A8%D8%A7%D8%A6%DB%8C%D9%88%D9%88%D9%85%D9%BE%D9%88%D8%B3%D8%A7%D8%A6%D9%B9-swivelock-suture-%D9%84%D9%86%DA%AF%D8%B1/,68
https://ur.medeqipexp.com/%D9%85%D8%B5%D9%86%D9%88%D8%B9%D8%A7%D8%AA/%D8%A2%D8%B1%D9%B9%D8%B1%DB%8C%DB%8C%DA%A9%D8%B3-%D8%A2%D8%B1-1915SF-%D8%B3%DB%8C%D9%88%D9%86-%D9%84%D9%86%DA%AF%D8%B1/,65
https://ur.medeqipexp.com/%D9%85%D8%B5%D9%86%D9%88%D8%B9%D8%A7%D8%AA/%D8%A2%D8%B1%D8%AA%DA%BE%D8%B1%DB%8C%DA%A9%D8%B3-%D8%A2%D8%B1-1915-%D8%A7%DB%8C%D8%B3-%D8%A7%DB%8C%D9%86-%D8%A7%DB%8C%D9%81-%D8%B3%DB%8C%D9%88%D9%86-%D8%A7%DB%8C%D9%86%DA%A9%D8%B1-%DA%A9%D8%A7%D8%B1%DA%A9-%D8%B3%DA%A9%D8%B1%D9%88-3-5-x-12-1-%D9%85%D9%84%DB%8C-%D9%85%DB%8C%D9%B9%D8%B1-%D9%B9%D8%A7%D8%A6%D9%B9%DB%8C%D9%86%DB%8C%D9%85/,65
https://ur.medeqipexp.com/%D9%85%D8%B5%D9%86%D9%88%D8%B9%D8%A7%D8%AA%20%DA%A9%DB%92%20%D8%B2%D9%85%D8%B1%DB%92/%D8%A2%D8%B1%D8%AA%DA%BE%D9%88%D9%BE%DB%8C%DA%88%DA%A9%20%D8%A7%DB%8C%D9%85%D9%BE%D9%84%D8%A7%D9%86%D9%B9%D8%B3-/%D8%A7%DB%8C%D9%86%DA%A9%D8%B1%D8%B2/?add-to-cart=6254,81
https://ur.medeqipexp.com/%D9%85%D8%B5%D9%86%D9%88%D8%B9%D8%A7%D8%AA/%D8%A2%D8%B1%D8%AA%DA%BE%D8%B1%DB%8C%DA%A9%D8%B3-%D8%A2%D8%B1-%D8%A2%D8%B1-1923BC-biocomposite-pushlock-suture-anchor/,66
https://ur.medeqipexp.com/%D9%85%D8%B5%D9%86%D9%88%D8%B9%D8%A7%D8%AA/arthrex-1927-5bcf-%D8%A7%DB%8C%D9%86%DA%A9%D8%B1-5-14-x-7-XNUMX-%D9%85%D9%84%DB%8C-%D9%85%DB%8C%D9%B9%D8%B1-%D8%A8%D8%A7%D8%A6%DB%8C%D9%88%DA%A9%D9%88%D9%85%D9%88%D8%B3%DB%8C%D9%B9/,67
https://ur.medeqipexp.com/%D9%85%D8%B5%D9%86%D9%88%D8%B9%D8%A7%D8%AA/%D8%A2%D8%B1%D8%AA%DA%BE%D8%B1%DB%8C%DA%A9%D8%B3-%D8%A2%D8%B1-%D8%A2%D8%B1-1927BCF-biocomposite-suture-anchor/,65
https://ur.medeqipexp.com/%D9%85%D8%B5%D9%86%D9%88%D8%B9%D8%A7%D8%AA/arthrex-1927-45bcf-XNUMX-%D8%A7%DB%8C%D9%86%DA%A9%D8%B1/,67
https://ur.medeqipexp.com/%D9%85%D8%B5%D9%86%D9%88%D8%B9%D8%A7%D8%AA/%D8%A2%D8%B1%D8%AA%DA%BE%D8%B1-%D8%A2%D8%B1-%D8%A2%D8%B1-1927bcf-45-%D8%B3%DB%8C%D9%88%D9%86-%D9%84%D9%86%DA%AF%D8%B1/,67
https://ur.medeqipexp.com/%D9%85%D8%B5%D9%86%D9%88%D8%B9%D8%A7%D8%AA/%D8%A2%D8%B1%D9%B9%D8%B1%DB%8C%DB%8C%DA%A9%D8%B3-%D8%A2%D8%B1-%D8%A2%D8%B1-1927BF-BIO-Corkscrew-ft-Vented-Suture-%D9%84%D9%86%DA%AF%D8%B1/,66
https://ur.medeqipexp.com/%D9%85%D8%B5%D9%86%D9%88%D8%B9%D8%A7%D8%AA/arthrex-ar-1928sf-2-%D9%B9%DA%A9%DA%91%D9%88%DA%BA-%DA%A9%D8%A7-5-%D8%B3%DB%8C%D9%88%D9%86-%D8%A7%DB%8C%D9%86%DA%A9%D8%B1-%D8%A8%D8%A7%DA%A9%D8%B3/,66
https://ur.medeqipexp.com/%D9%85%D8%B5%D9%86%D9%88%D8%B9%D8%A7%D8%AA%20%DA%A9%DB%92%20%D8%B2%D9%85%D8%B1%DB%92/%D8%A2%D8%B1%D8%AA%DA%BE%D9%88%D9%BE%DB%8C%DA%88%DA%A9%20%D8%A7%DB%8C%D9%85%D9%BE%D9%84%D8%A7%D9%86%D9%B9%D8%B3-/%D8%A7%DB%8C%D9%86%DA%A9%D8%B1%D8%B2/?add-to-cart=6078,84
https://ur.medeqipexp.com/%D9%85%D8%B5%D9%86%D9%88%D8%B9%D8%A7%D8%AA/arthrex-ar-1934bcf-2-%D8%B3%DB%8C%D9%88%D9%86-%D8%A7%DB%8C%D9%86%DA%A9%D8%B1/,68
https://ur.medeqipexp.com/%D9%85%D8%B5%D9%86%D9%88%D8%B9%D8%A7%D8%AA%20%DA%A9%DB%92%20%D8%B2%D9%85%D8%B1%DB%92/%D8%A2%D8%B1%D8%AA%DA%BE%D9%88%D9%BE%DB%8C%DA%88%DA%A9%20%D8%A7%DB%8C%D9%85%D9%BE%D9%84%D8%A7%D9%86%D9%B9%D8%B3-/%D8%A7%DB%8C%D9%86%DA%A9%D8%B1%D8%B2/?add-to-cart=5252,87
https://ur.medeqipexp.com/%D9%85%D8%B5%D9%86%D9%88%D8%B9%D8%A7%D8%AA/arthrex-X-1934bcf-24-%D8%B3%DB%8C%D9%88%D9%86-%D9%B9%DB%8C%DA%A9-%D8%A7%DB%8C%D9%86%DA%A9%D8%B1%DB%94/,67
https://ur.medeqipexp.com/%D9%85%D8%B5%D9%86%D9%88%D8%B9%D8%A7%D8%AA%20%DA%A9%DB%92%20%D8%B2%D9%85%D8%B1%DB%92/%D8%A2%D8%B1%D8%AA%DA%BE%D9%88%D9%BE%DB%8C%DA%88%DA%A9%20%D8%A7%DB%8C%D9%85%D9%BE%D9%84%D8%A7%D9%86%D9%B9%D8%B3-/%D8%A7%DB%8C%D9%86%DA%A9%D8%B1%D8%B2/?add-to-cart=5191,90
https://ur.medeqipexp.com/%D9%85%D8%B5%D9%86%D9%88%D8%B9%D8%A7%D8%AA/%D8%A2%D8%B1%D8%AA%DA%BE%D8%B1%DB%8C%DA%A9%D8%B3-%D8%A2%D8%B1-1934bcft-%D8%B3%DB%8C%D9%88%D9%86-%D8%A7%DB%8C%D9%86%DA%A9%D8%B1/,65
https://ur.medeqipexp.com/%D9%85%D8%B5%D9%86%D9%88%D8%B9%D8%A7%D8%AA%20%DA%A9%DB%92%20%D8%B2%D9%85%D8%B1%DB%92/%D8%A2%D8%B1%D8%AA%DA%BE%D9%88%D9%BE%DB%8C%DA%88%DA%A9%20%D8%A7%DB%8C%D9%85%D9%BE%D9%84%D8%A7%D9%86%D9%B9%D8%B3-/%D8%A7%DB%8C%D9%86%DA%A9%D8%B1%D8%B2/?add-to-cart=6300,93
https://ur.medeqipexp.com/%D9%85%D8%B5%D9%86%D9%88%D8%B9%D8%A7%D8%AA/%D8%A2%D8%B1%D8%AA%DA%BE%D8%B1%DB%8C%DA%A9%D8%B3-%D8%A2%D8%B1-1934-%D8%A8%DB%8C-%D8%B3%DB%8C-%D8%A7%DB%8C%D9%81-%D9%B9%DB%8C-2-%D8%B3%DB%8C%D9%88%D9%86-%D8%A7%DB%8C%D9%86%DA%A9%D8%B1-%D8%A8%D8%A7%D8%A6%DB%8C%D9%88-%D8%B3%DB%8C%D9%88%DA%86%D8%B1%D9%B9%DA%A9-3-x-14-5-%D9%85%D9%84%DB%8C-%D9%85%DB%8C%D9%B9%D8%B1/,65
https://ur.medeqipexp.com/%D9%85%D8%B5%D9%86%D9%88%D8%B9%D8%A7%D8%AA%20%DA%A9%DB%92%20%D8%B2%D9%85%D8%B1%DB%92/%D8%A2%D8%B1%D8%AA%DA%BE%D9%88%D9%BE%DB%8C%DA%88%DA%A9%20%D8%A7%DB%8C%D9%85%D9%BE%D9%84%D8%A7%D9%86%D9%B9%D8%B3-/%D8%A7%DB%8C%D9%86%DA%A9%D8%B1%D8%B2/?add-to-cart=6266,96
https://ur.medeqipexp.com/%D9%85%D8%B5%D9%86%D9%88%D8%B9%D8%A7%D8%AA/arthrex-ar-2323bcc-%D8%B3%DB%8C%D9%88%D9%86-%D8%A7%DB%8C%D9%86%DA%A9%D8%B1/,65
https://ur.medeqipexp.com/%D9%85%D8%B5%D9%86%D9%88%D8%B9%D8%A7%D8%AA%20%DA%A9%DB%92%20%D8%B2%D9%85%D8%B1%DB%92/%D8%A2%D8%B1%D8%AA%DA%BE%D9%88%D9%BE%DB%8C%DA%88%DA%A9%20%D8%A7%DB%8C%D9%85%D9%BE%D9%84%D8%A7%D9%86%D9%B9%D8%B3-/%D8%A7%DB%8C%D9%86%DA%A9%D8%B1%D8%B2/?add-to-cart=5258,99
https://ur.medeqipexp.com/%D9%85%D8%B5%D9%86%D9%88%D8%B9%D8%A7%D8%AA/%D8%A2%D8%B1%D9%B9%D8%B1%DB%8C%DB%8C%DA%A9%D8%B3-%D8%A2%D8%B1-%D8%A2%D8%B1-2324BCM-%D8%A8%D8%A7%D8%A6%DB%8C%D9%88%DA%A9%D9%88%D9%BE%D9%88%D8%A7%D8%A6%D9%B9-swivelock-sp-suture-%D9%84%D9%86%DA%AF%D8%B1/,66
https://ur.medeqipexp.com/%D9%85%D8%B5%D9%86%D9%88%D8%B9%D8%A7%D8%AA/%D8%A2%D8%B1%D8%AA%DA%BE%D8%B1%DB%8C%DA%A9%D8%B3-%D8%A7%DB%92-%D8%A2%D8%B1-2923bc-%D8%B3%DB%8C%D9%88%D9%86-%D8%A7%DB%8C%D9%86%DA%A9%D8%B1-%D8%A8%D8%A7%D8%A6%DB%8C%D9%88%DA%A9%D9%85%D9%BE%D9%88%D8%B2%D8%A7%D8%A6%D9%B9-%D9%BE%D8%B4-%D9%84%D8%A7%DA%A9-%D8%B4%D8%A7%D8%B1%D9%B9/,65
https://ur.medeqipexp.com/%D9%85%D8%B5%D9%86%D9%88%D8%B9%D8%A7%D8%AA%20%DA%A9%DB%92%20%D8%B2%D9%85%D8%B1%DB%92/%D8%A2%D8%B1%D8%AA%DA%BE%D9%88%D9%BE%DB%8C%DA%88%DA%A9%20%D8%A7%DB%8C%D9%85%D9%BE%D9%84%D8%A7%D9%86%D9%B9%D8%B3-/%D8%A7%DB%8C%D9%86%DA%A9%D8%B1%D8%B2/?add-to-cart=6256,102
https://ur.medeqipexp.com/%D9%85%D8%B5%D9%86%D9%88%D8%B9%D8%A7%D8%AA/%D8%A2%D8%B1%D8%AA%DA%BE%D8%B1%DB%8C%DA%A9%D8%B3-%D8%A2%D8%B1-8825bc-%D8%B3%DB%8C%D9%88%D9%86-%D8%A7%DB%8C%D9%86%DA%A9%D8%B1/,65
https://ur.medeqipexp.com/%D9%85%D8%B5%D9%86%D9%88%D8%B9%D8%A7%D8%AA%20%DA%A9%DB%92%20%D8%B2%D9%85%D8%B1%DB%92/%D8%A2%D8%B1%D8%AA%DA%BE%D9%88%D9%BE%DB%8C%DA%88%DA%A9%20%D8%A7%DB%8C%D9%85%D9%BE%D9%84%D8%A7%D9%86%D9%B9%D8%B3-/%D8%A7%DB%8C%D9%86%DA%A9%D8%B1%D8%B2/?add-to-cart=6302,105
https://ur.medeqipexp.com/%D9%85%D8%B5%D9%86%D9%88%D8%B9%D8%A7%D8%AA/biomet-TI-%D8%B3%DA%A9%D8%B1%D9%88-%D9%84%D9%86%DA%AF%D8%B1/,66
https://ur.medeqipexp.com/%D9%85%D8%B5%D9%86%D9%88%D8%B9%D8%A7%D8%AA%20%DA%A9%DB%92%20%D8%B2%D9%85%D8%B1%DB%92/%D8%A2%D8%B1%D8%AA%DA%BE%D9%88%D9%BE%DB%8C%DA%88%DA%A9%20%D8%A7%DB%8C%D9%85%D9%BE%D9%84%D8%A7%D9%86%D9%B9%D8%B3-/%D8%A7%DB%8C%D9%86%DA%A9%D8%B1%D8%B2/?add-to-cart=2854,108
https://ur.medeqipexp.com/%D9%85%D8%B5%D9%86%D9%88%D8%B9%D8%A7%D8%AA/%DA%88%D9%BE%D9%B9%DB%8C-210808-%D9%88%D8%B1%D8%B3%D8%A7%D9%84%D9%88%DA%A9-%D8%A7%DB%8C%D9%86%DA%A9%D8%B1-%DA%88%D8%A8%D9%84%DB%8C%D9%88-%D8%A2%D8%B1%D8%AA%DA%BE%D9%88%DA%A9%D8%A7%D8%B1%DA%88/,65
https://ur.medeqipexp.com/%D9%85%D8%B5%D9%86%D9%88%D8%B9%D8%A7%D8%AA%20%DA%A9%DB%92%20%D8%B2%D9%85%D8%B1%DB%92/%D8%A2%D8%B1%D8%AA%DA%BE%D9%88%D9%BE%DB%8C%DA%88%DA%A9%20%D8%A7%DB%8C%D9%85%D9%BE%D9%84%D8%A7%D9%86%D9%B9%D8%B3-/%D8%A7%DB%8C%D9%86%DA%A9%D8%B1%D8%B2/?add-to-cart=6298,111
https://ur.medeqipexp.com/%D9%85%D8%B5%D9%86%D9%88%D8%B9%D8%A7%D8%AA/Depuy-212033-mini-quickanchor-%D8%B9%D9%84%D8%A7%D9%88%DB%81/,67
https://ur.medeqipexp.com/%D9%85%D8%B5%D9%86%D9%88%D8%B9%D8%A7%D8%AA%20%DA%A9%DB%92%20%D8%B2%D9%85%D8%B1%DB%92/%D8%A2%D8%B1%D8%AA%DA%BE%D9%88%D9%BE%DB%8C%DA%88%DA%A9%20%D8%A7%DB%8C%D9%85%D9%BE%D9%84%D8%A7%D9%86%D9%B9%D8%B3-/%D8%A7%DB%8C%D9%86%DA%A9%D8%B1%D8%B2/?add-to-cart=5383,114
https://ur.medeqipexp.com/%D9%85%D8%B5%D9%86%D9%88%D8%B9%D8%A7%D8%AA/depuy-212866-%D9%85%D8%A7%D8%A6%DA%A9%D8%B1%D9%88-quickanchor-%D9%BE%D9%84%D8%B3/,67
https://ur.medeqipexp.com/%D9%85%D8%B5%D9%86%D9%88%D8%B9%D8%A7%D8%AA%20%DA%A9%DB%92%20%D8%B2%D9%85%D8%B1%DB%92/%D8%A2%D8%B1%D8%AA%DA%BE%D9%88%D9%BE%DB%8C%DA%88%DA%A9%20%D8%A7%DB%8C%D9%85%D9%BE%D9%84%D8%A7%D9%86%D9%B9%D8%B3-/%D8%A7%DB%8C%D9%86%DA%A9%D8%B1%D8%B2/?add-to-cart=5568,117
https://ur.medeqipexp.com/%D9%85%D8%B5%D9%86%D9%88%D8%B9%D8%A7%D8%AA/%DA%88%DB%8C%D9%88%D8%A6-%D9%85%DB%8C%D9%86%DB%8C%DB%8C%DA%A9-212855-%D9%81%D9%88%D8%B1%DB%8C-%D9%84%D9%86%DA%AF%D8%B1/,67
https://ur.medeqipexp.com/%D9%85%D8%B5%D9%86%D9%88%D8%B9%D8%A7%D8%AA%20%DA%A9%DB%92%20%D8%B2%D9%85%D8%B1%DB%92/%D8%A2%D8%B1%D8%AA%DA%BE%D9%88%D9%BE%DB%8C%DA%88%DA%A9%20%D8%A7%DB%8C%D9%85%D9%BE%D9%84%D8%A7%D9%86%D9%B9%D8%B3-/%D8%A7%DB%8C%D9%86%DA%A9%D8%B1%D8%B2/?add-to-cart=4845,120
https://ur.medeqipexp.com/%D9%85%D8%B5%D9%86%D9%88%D8%B9%D8%A7%D8%AA/%D8%B3%D9%85%D8%AA%DA%BE---%D8%A8%DA%BE%D8%AA%DB%8C%D8%AC%DB%92--72200763-twinfix-ti-3-5-suture-%D9%84%D9%86%DA%AF%D8%B1/,68
https://ur.medeqipexp.com/%D9%85%D8%B5%D9%86%D9%88%D8%B9%D8%A7%D8%AA/%D8%B3%D9%85%D8%AA%DA%BE---%D8%A8%DA%BE%D8%AA%DB%8C%D8%AC%DB%92--72200766-twinfix-ti-5-suture-%D9%84%D9%86%DA%AF%D8%B1/,66
https://ur.medeqipexp.com/%D9%85%D8%B5%D9%86%D9%88%D8%B9%D8%A7%D8%AA/%D8%B3%D9%85%D8%AA%DA%BE%20%D8%A8%DA%BE%D8%AA%DB%8C%D8%AC%DB%92-twinfix-AB-2-38-%D8%B3%DB%8C%D9%88%D9%86%20%D9%85%DB%8C%D8%B2%D8%A8%D8%A7%D9%86-W-%D8%AF%D9%88%200-durabraid-%D8%B3%DB%8C%D9%88%D9%86-%D8%AE%D8%A7%D8%B5%DB%8C%D8%AA-5/,67
https://ur.medeqipexp.com/%D9%85%D8%B5%D9%86%D9%88%D8%B9%D8%A7%D8%AA/%D8%B3%D9%85%D8%AA%DA%BE%20%D8%A8%DA%BE%D8%AA%DB%8C%D8%AC%DB%92-twinfix-TI-0%205-%D9%81%D9%88%D8%B1%DB%8C-T-%D8%AA%D8%B9%DB%8C%D9%86%20%D9%86%D8%B8%D8%A7%D9%85/,68
https://ur.medeqipexp.com/%D9%85%D8%B5%D9%86%D9%88%D8%B9%D8%A7%D8%AA/%D8%B3%D9%85%D8%AA%DA%BE---%D8%A8%DA%BE%D8%AA%DB%8C%D8%AC%DB%92--72200762-twinfix-ti-2-8-suture-%D9%84%D9%86%DA%AF%D8%B1/,66
https://ur.medeqipexp.com/%D9%85%D8%B5%D9%86%D9%88%D8%B9%D8%A7%D8%AA/%D8%B3%D9%85%D8%AA%DA%BE---%D8%A8%DA%BE%D8%AA%DB%8C%D8%AC%DB%92--0-%D9%85%D9%86%D9%B9%D9%B9%DB%8C%DA%A9--%D8%AA%D8%A7--2-72200795-suture-%D9%84%D9%86%DA%AF%D8%B1/,69
https://ur.medeqipexp.com/%D9%85%D8%B5%D9%86%D9%88%D8%B9%D8%A7%D8%AA/%D8%B3%D9%85%D8%AA%DA%BE---%D8%A8%DA%BE%D8%AA%DB%8C%D8%AC%DB%92--72200795-suture-%D9%84%D9%86%DA%AF%D8%B1/,68
https://ur.medeqipexp.com/%D9%85%D8%B5%D9%86%D9%88%D8%B9%D8%A7%D8%AA/%D8%B3%D9%B9%D8%B1%D8%A7%D8%A6%DB%8C%DA%A9%D8%B1-3-MM-glenoid%20%D9%85%DB%8C%D8%B2%D8%A8%D8%A7%D9%86/,69
https://ur.medeqipexp.com/%D9%85%D8%B5%D9%86%D9%88%D8%B9%D8%A7%D8%AA%20%DA%A9%DB%92%20%D8%B2%D9%85%D8%B1%DB%92/%D8%A2%D8%B1%D8%AA%DA%BE%D9%88%D9%BE%DB%8C%DA%88%DA%A9%20%D8%A7%DB%8C%D9%85%D9%BE%D9%84%D8%A7%D9%86%D9%B9%D8%B3-/%D8%A7%DB%8C%D9%86%DA%A9%D8%B1%D8%B2/?add-to-cart=303,123
https://ur.medeqipexp.com/%D9%85%D8%B5%D9%86%D9%88%D8%B9%D8%A7%D8%AA/%D8%B3%D9%B9%DA%A9%D8%B1%DA%A9%D8%B1---5-5MM--%D9%BE%DB%8C%DA%A9-%D8%B2%D9%BE-%D9%84%D9%86%DA%AF%D8%B1/,66
https://ur.medeqipexp.com/%D9%85%D8%B5%D9%86%D9%88%D8%B9%D8%A7%D8%AA%20%DA%A9%DB%92%20%D8%B2%D9%85%D8%B1%DB%92/%D8%A2%D8%B1%D8%AA%DA%BE%D9%88%D9%BE%DB%8C%DA%88%DA%A9%20%D8%A7%DB%8C%D9%85%D9%BE%D9%84%D8%A7%D9%86%D9%B9%D8%B3-/%D8%A7%DB%8C%D9%86%DA%A9%D8%B1%D8%B2/?add-to-cart=3831,126
https://ur.medeqipexp.com/%D9%85%D8%B5%D9%86%D9%88%D8%B9%D8%A7%D8%AA/%DB%81%D9%85%DB%8C%DA%BA%20%D8%B3%D8%B1%D8%AC%DB%8C%DA%A9%D9%84%20%D9%B9%D8%A7%D8%A6%DB%8C%DA%A9%D9%88-polysorb%20%D9%86%D8%B1%D9%85%20%D9%B9%D8%B4%D9%88-3-MM-%D9%84%D9%86%DA%AF%D8%B1%20%D9%86%DB%8C%D9%84%DB%92/,68
https://ur.medeqipexp.com/%D9%85%D8%B5%D9%86%D9%88%D8%B9%D8%A7%D8%AA%20%DA%A9%DB%92%20%D8%B2%D9%85%D8%B1%DB%92/%D8%A2%D8%B1%D8%AA%DA%BE%D9%88%D9%BE%DB%8C%DA%88%DA%A9%20%D8%A7%DB%8C%D9%85%D9%BE%D9%84%D8%A7%D9%86%D9%B9%D8%B3-/%D8%A7%DB%8C%D9%86%DA%A9%D8%B1%D8%B2/?add-to-cart=937,129
https://ur.medeqipexp.com/%D9%85%D8%B5%D9%86%D9%88%D8%B9%D8%A7%D8%AA/%DB%81%D9%85%DB%8C%DA%BA%20%D8%B3%D8%B1%D8%AC%DB%8C%DA%A9%D9%84%20%D9%B9%D8%A7%D8%A6%DB%8C%DA%A9%D9%88-polysorb%20%D9%86%D8%B1%D9%85%20%D9%B9%D8%B4%D9%88-3-MM-%D9%84%D9%86%DA%AF%D8%B1%20%D8%B3%D9%81%DB%8C%D8%AF/,68
https://ur.medeqipexp.com/%D9%85%D8%B5%D9%86%D9%88%D8%B9%D8%A7%D8%AA%20%DA%A9%DB%92%20%D8%B2%D9%85%D8%B1%DB%92/%D8%A2%D8%B1%D8%AA%DA%BE%D9%88%D9%BE%DB%8C%DA%88%DA%A9%20%D8%A7%DB%8C%D9%85%D9%BE%D9%84%D8%A7%D9%86%D9%B9%D8%B3-/%D8%A7%DB%8C%D9%86%DA%A9%D8%B1%D8%B2/?add-to-cart=940,132
https://ur.medeqipexp.com/%D9%85%D8%B5%D9%86%D9%88%D8%B9%D8%A7%D8%AA/%D8%A7%DB%8C%D9%86%DA%86%D9%88%D8%B1%D9%84%D9%88%DA%A9-%D9%86%D8%B1%D9%85-%D9%86%D8%B1%D9%85-%D9%B9%D8%B4%D9%88---%D9%86%D8%B8%D8%A7%D9%85/,67
https://ur.medeqipexp.com/%D9%85%D8%B5%D9%86%D9%88%D8%B9%D8%A7%D8%AA%20%DA%A9%DB%92%20%D8%B2%D9%85%D8%B1%DB%92/%D8%A2%D8%B1%D8%AA%DA%BE%D9%88%D9%BE%DB%8C%DA%88%DA%A9%20%D8%A7%DB%8C%D9%85%D9%BE%D9%84%D8%A7%D9%86%D9%B9%D8%B3-/%D8%A7%DB%8C%D9%86%DA%A9%D8%B1%D8%B2/?add-to-cart=2251,135
https://ur.medeqipexp.com/%D9%85%D8%B5%D9%86%D9%88%D8%B9%D8%A7%D8%AA/%D8%B1%D8%A7%D8%A6%D9%B9-%D9%85%DB%8C%DA%88%DB%8C%DA%A9%D9%84-anchorlok-%D9%86%D8%B1%D9%85-%D8%A8%D8%A7%D9%81%D8%AA%D9%88%DA%BA-%D9%84%D9%86%DA%AF%D8%B1-%D9%86%D8%B8%D8%A7%D9%85/,67
https://ur.medeqipexp.com/%D9%85%D8%B5%D9%86%D9%88%D8%B9%D8%A7%D8%AA%20%DA%A9%DB%92%20%D8%B2%D9%85%D8%B1%DB%92/%D8%A2%D8%B1%D8%AA%DA%BE%D9%88%D9%BE%DB%8C%DA%88%DA%A9%20%D8%A7%DB%8C%D9%85%D9%BE%D9%84%D8%A7%D9%86%D9%B9%D8%B3-/%D8%A7%DB%8C%D9%86%DA%A9%D8%B1%D8%B2/?add-to-cart=2253,138
https://ur.medeqipexp.com/%D9%85%D8%B5%D9%86%D9%88%D8%B9%D8%A7%D8%AA/%D8%B2%DB%8C%D9%85%D8%B1-%D8%A8%D8%A7%DB%8C%D9%88%D9%85%DB%8C%D9%B9-912040-juggerknot-%D9%86%D8%B1%D9%85-%D8%A7%DB%8C%D9%86%DA%A9%D8%B1/,65
https://ur.medeqipexp.com/%D9%85%D8%B5%D9%86%D9%88%D8%B9%D8%A7%D8%AA%20%DA%A9%DB%92%20%D8%B2%D9%85%D8%B1%DB%92/%D8%A2%D8%B1%D8%AA%DA%BE%D9%88%D9%BE%DB%8C%DA%88%DA%A9%20%D8%A7%DB%8C%D9%85%D9%BE%D9%84%D8%A7%D9%86%D9%B9%D8%B3-/%D8%A7%DB%8C%D9%86%DA%A9%D8%B1%D8%B2/?add-to-cart=5800,141
https://ur.medeqipexp.com/%D9%85%D8%B5%D9%86%D9%88%D8%B9%D8%A7%D8%AA/depuy-supracondylar-8deg%20%D9%85%D8%B9%DB%8C%D8%A7%D8%B1%DB%8C-95%20%D8%B3%D9%88%D8%B1%D8%A7%D8%AE%20%D9%BE%D9%84%DB%8C%D9%B9/,65
https://ur.medeqipexp.com/%D9%85%D8%B5%D9%86%D9%88%D8%B9%D8%A7%D8%AA%20%DA%A9%DB%92%20%D8%B2%D9%85%D8%B1%DB%92/%D8%A2%D8%B1%D8%AA%DA%BE%D9%88%D9%BE%DB%8C%DA%88%DA%A9%20%D8%A7%DB%8C%D9%85%D9%BE%D9%84%D8%A7%D9%86%D9%B9%D8%B3-/depuy-%D8%A8%DB%8C%D8%B1%D9%84/?add-to-cart=600,144
https://ur.medeqipexp.com/%D9%85%D8%B5%D9%86%D9%88%D8%B9%D8%A7%D8%AA/depuy-tk4%20%D9%85%D8%B9%DB%8C%D8%A7%D8%B1%DB%8C-130%20%DA%88%DA%AF%D8%B1%DB%8C-2%20%D8%B3%D9%88%D8%B1%D8%A7%D8%AE%20%D8%A8%DB%8C%D8%B1%D9%84/,66
https://ur.medeqipexp.com/%D9%85%D8%B5%D9%86%D9%88%D8%B9%D8%A7%D8%AA%20%DA%A9%DB%92%20%D8%B2%D9%85%D8%B1%DB%92/%D8%A2%D8%B1%D8%AA%DA%BE%D9%88%D9%BE%DB%8C%DA%88%DA%A9%20%D8%A7%DB%8C%D9%85%D9%BE%D9%84%D8%A7%D9%86%D9%B9%D8%B3-/depuy-%D8%A8%DB%8C%D8%B1%D9%84/?add-to-cart=601,147
https://ur.medeqipexp.com/%D9%85%D8%B5%D9%86%D9%88%D8%B9%D8%A7%D8%AA/depuy-tk5%20%D9%85%D8%B9%DB%8C%D8%A7%D8%B1%DB%8C-130%20%DA%88%DA%AF%D8%B1%DB%8C-2%20%D8%B3%D9%88%D8%B1%D8%A7%D8%AE%20%D8%A8%DB%8C%D8%B1%D9%84/,66
https://ur.medeqipexp.com/%D9%85%D8%B5%D9%86%D9%88%D8%B9%D8%A7%D8%AA%20%DA%A9%DB%92%20%D8%B2%D9%85%D8%B1%DB%92/%D8%A2%D8%B1%D8%AA%DA%BE%D9%88%D9%BE%DB%8C%DA%88%DA%A9%20%D8%A7%DB%8C%D9%85%D9%BE%D9%84%D8%A7%D9%86%D9%B9%D8%B3-/depuy-%D8%A8%DB%8C%D8%B1%D9%84/?add-to-cart=603,150
https://ur.medeqipexp.com/%D9%85%D8%B5%D9%86%D9%88%D8%B9%D8%A7%D8%AA/depuy-tk6%20%D9%85%D8%B9%DB%8C%D8%A7%D8%B1%DB%8C-130%20%DA%88%DA%AF%D8%B1%DB%8C-2%20%D8%B3%D9%88%D8%B1%D8%A7%D8%AE%20%D8%A8%DB%8C%D8%B1%D9%84/,66
https://ur.medeqipexp.com/%D9%85%D8%B5%D9%86%D9%88%D8%B9%D8%A7%D8%AA%20%DA%A9%DB%92%20%D8%B2%D9%85%D8%B1%DB%92/%D8%A2%D8%B1%D8%AA%DA%BE%D9%88%D9%BE%DB%8C%DA%88%DA%A9%20%D8%A7%DB%8C%D9%85%D9%BE%D9%84%D8%A7%D9%86%D9%B9%D8%B3-/depuy-%D8%A8%DB%8C%D8%B1%D9%84/?add-to-cart=605,153
https://ur.medeqipexp.com/%D9%85%D8%B5%D9%86%D9%88%D8%B9%D8%A7%D8%AA/depuy-tk3%20%D9%85%D8%B9%DB%8C%D8%A7%D8%B1%DB%8C-135%20%DA%88%DA%AF%D8%B1%DB%8C-2%20%D8%B3%D9%88%D8%B1%D8%A7%D8%AE%20%D8%A8%DB%8C%D8%B1%D9%84/,66
https://ur.medeqipexp.com/%D9%85%D8%B5%D9%86%D9%88%D8%B9%D8%A7%D8%AA%20%DA%A9%DB%92%20%D8%B2%D9%85%D8%B1%DB%92/%D8%A2%D8%B1%D8%AA%DA%BE%D9%88%D9%BE%DB%8C%DA%88%DA%A9%20%D8%A7%DB%8C%D9%85%D9%BE%D9%84%D8%A7%D9%86%D9%B9%D8%B3-/depuy-%D8%A8%DB%8C%D8%B1%D9%84/?add-to-cart=607,156
https://ur.medeqipexp.com/%D9%85%D8%B5%D9%86%D9%88%D8%B9%D8%A7%D8%AA/depuy-tk4%20%D9%85%D8%B9%DB%8C%D8%A7%D8%B1%DB%8C-135%20%DA%88%DA%AF%D8%B1%DB%8C-2%20%D8%B3%D9%88%D8%B1%D8%A7%D8%AE%20%D8%A8%DB%8C%D8%B1%D9%84/,66
https://ur.medeqipexp.com/%D9%85%D8%B5%D9%86%D9%88%D8%B9%D8%A7%D8%AA%20%DA%A9%DB%92%20%D8%B2%D9%85%D8%B1%DB%92/%D8%A2%D8%B1%D8%AA%DA%BE%D9%88%D9%BE%DB%8C%DA%88%DA%A9%20%D8%A7%DB%8C%D9%85%D9%BE%D9%84%D8%A7%D9%86%D9%B9%D8%B3-/depuy-%D8%A8%DB%8C%D8%B1%D9%84/?add-to-cart=609,159
https://ur.medeqipexp.com/%D9%85%D8%B5%D9%86%D9%88%D8%B9%D8%A7%D8%AA/depuy-tk5%20%D9%85%D8%B9%DB%8C%D8%A7%D8%B1%DB%8C-135%20%DA%88%DA%AF%D8%B1%DB%8C-2%20%D8%B3%D9%88%D8%B1%D8%A7%D8%AE%20%D8%A8%DB%8C%D8%B1%D9%84/,66
https://ur.medeqipexp.com/%D9%85%D8%B5%D9%86%D9%88%D8%B9%D8%A7%D8%AA%20%DA%A9%DB%92%20%D8%B2%D9%85%D8%B1%DB%92/%D8%A2%D8%B1%D8%AA%DA%BE%D9%88%D9%BE%DB%8C%DA%88%DA%A9%20%D8%A7%DB%8C%D9%85%D9%BE%D9%84%D8%A7%D9%86%D9%B9%D8%B3-/depuy-%D8%A8%DB%8C%D8%B1%D9%84/?add-to-cart=611,162
https://ur.medeqipexp.com/%D9%85%D8%B5%D9%86%D9%88%D8%B9%D8%A7%D8%AA/depuy-tk14%20%D9%85%D8%B9%DB%8C%D8%A7%D8%B1%DB%8C-135%20%DA%88%DA%AF%D8%B1%DB%8C-2%20%D8%B3%D9%88%D8%B1%D8%A7%D8%AE%20%D8%A8%DB%8C%D8%B1%D9%84/,66
https://ur.medeqipexp.com/%D9%85%D8%B5%D9%86%D9%88%D8%B9%D8%A7%D8%AA%20%DA%A9%DB%92%20%D8%B2%D9%85%D8%B1%DB%92/%D8%A2%D8%B1%D8%AA%DA%BE%D9%88%D9%BE%DB%8C%DA%88%DA%A9%20%D8%A7%DB%8C%D9%85%D9%BE%D9%84%D8%A7%D9%86%D9%B9%D8%B3-/depuy-%D8%A8%DB%8C%D8%B1%D9%84/?add-to-cart=617,165
https://ur.medeqipexp.com/%D9%85%D8%B5%D9%86%D9%88%D8%B9%D8%A7%D8%AA/depuy-tk8%20%D9%85%D8%B9%DB%8C%D8%A7%D8%B1%DB%8C-135%20%DA%88%DA%AF%D8%B1%DB%8C-2%20%D8%B3%D9%88%D8%B1%D8%A7%D8%AE%20%D8%A8%DB%8C%D8%B1%D9%84/,66
https://ur.medeqipexp.com/%D9%85%D8%B5%D9%86%D9%88%D8%B9%D8%A7%D8%AA%20%DA%A9%DB%92%20%D8%B2%D9%85%D8%B1%DB%92/%D8%A2%D8%B1%D8%AA%DA%BE%D9%88%D9%BE%DB%8C%DA%88%DA%A9%20%D8%A7%DB%8C%D9%85%D9%BE%D9%84%D8%A7%D9%86%D9%B9%D8%B3-/depuy-%D8%A8%DB%8C%D8%B1%D9%84/?add-to-cart=613,168
https://ur.medeqipexp.com/%D9%85%D8%B5%D9%86%D9%88%D8%B9%D8%A7%D8%AA/depuy-tk10%20%D9%85%D8%B9%DB%8C%D8%A7%D8%B1%DB%8C-135%20%DA%88%DA%AF%D8%B1%DB%8C-2%20%D8%B3%D9%88%D8%B1%D8%A7%D8%AE%20%D8%A8%DB%8C%D8%B1%D9%84/,66
https://ur.medeqipexp.com/%D9%85%D8%B5%D9%86%D9%88%D8%B9%D8%A7%D8%AA%20%DA%A9%DB%92%20%D8%B2%D9%85%D8%B1%DB%92/%D8%A2%D8%B1%D8%AA%DA%BE%D9%88%D9%BE%DB%8C%DA%88%DA%A9%20%D8%A7%DB%8C%D9%85%D9%BE%D9%84%D8%A7%D9%86%D9%B9%D8%B3-/depuy-%D8%A8%DB%8C%D8%B1%D9%84/?add-to-cart=615,171
https://ur.medeqipexp.com/%D9%85%D8%B5%D9%86%D9%88%D8%B9%D8%A7%D8%AA/depuy-tk4%20%D9%85%D8%B9%DB%8C%D8%A7%D8%B1%DB%8C-140%20%DA%88%DA%AF%D8%B1%DB%8C-2%20%D8%B3%D9%88%D8%B1%D8%A7%D8%AE%20%D8%A8%DB%8C%D8%B1%D9%84/,66
https://ur.medeqipexp.com/%D9%85%D8%B5%D9%86%D9%88%D8%B9%D8%A7%D8%AA%20%DA%A9%DB%92%20%D8%B2%D9%85%D8%B1%DB%92/%D8%A2%D8%B1%D8%AA%DA%BE%D9%88%D9%BE%DB%8C%DA%88%DA%A9%20%D8%A7%DB%8C%D9%85%D9%BE%D9%84%D8%A7%D9%86%D9%B9%D8%B3-/depuy-%D8%A8%DB%8C%D8%B1%D9%84/?add-to-cart=619,174
https://ur.medeqipexp.com/%D9%85%D8%B5%D9%86%D9%88%D8%B9%D8%A7%D8%AA/depuy-tk5%20%D9%85%D8%B9%DB%8C%D8%A7%D8%B1%DB%8C-140%20%DA%88%DA%AF%D8%B1%DB%8C-2%20%D8%B3%D9%88%D8%B1%D8%A7%D8%AE%20%D8%A8%DB%8C%D8%B1%D9%84/,66
https://ur.medeqipexp.com/%D9%85%D8%B5%D9%86%D9%88%D8%B9%D8%A7%D8%AA%20%DA%A9%DB%92%20%D8%B2%D9%85%D8%B1%DB%92/%D8%A2%D8%B1%D8%AA%DA%BE%D9%88%D9%BE%DB%8C%DA%88%DA%A9%20%D8%A7%DB%8C%D9%85%D9%BE%D9%84%D8%A7%D9%86%D9%B9%D8%B3-/depuy-%D8%A8%DB%8C%D8%B1%D9%84/?add-to-cart=621,177
https://ur.medeqipexp.com/%D9%85%D8%B5%D9%86%D9%88%D8%B9%D8%A7%D8%AA/depuy-tk6%20%D9%85%D8%B9%DB%8C%D8%A7%D8%B1%DB%8C-140%20%DA%88%DA%AF%D8%B1%DB%8C-2%20%D8%B3%D9%88%D8%B1%D8%A7%D8%AE%20%D8%A8%DB%8C%D8%B1%D9%84/,66
https://ur.medeqipexp.com/%D9%85%D8%B5%D9%86%D9%88%D8%B9%D8%A7%D8%AA%20%DA%A9%DB%92%20%D8%B2%D9%85%D8%B1%DB%92/%D8%A2%D8%B1%D8%AA%DA%BE%D9%88%D9%BE%DB%8C%DA%88%DA%A9%20%D8%A7%DB%8C%D9%85%D9%BE%D9%84%D8%A7%D9%86%D9%B9%D8%B3-/depuy-%D8%A8%DB%8C%D8%B1%D9%84/?add-to-cart=623,180
https://ur.medeqipexp.com/%D9%85%D8%B5%D9%86%D9%88%D8%B9%D8%A7%D8%AA/depuy-tk5%20%D9%85%D8%B9%DB%8C%D8%A7%D8%B1%DB%8C-145%20%DA%88%DA%AF%D8%B1%DB%8C-2%20%D8%B3%D9%88%D8%B1%D8%A7%D8%AE%20%D8%A8%DB%8C%D8%B1%D9%84/,68
https://ur.medeqipexp.com/%D9%85%D8%B5%D9%86%D9%88%D8%B9%D8%A7%D8%AA%20%DA%A9%DB%92%20%D8%B2%D9%85%D8%B1%DB%92/%D8%A2%D8%B1%D8%AA%DA%BE%D9%88%D9%BE%DB%8C%DA%88%DA%A9%20%D8%A7%DB%8C%D9%85%D9%BE%D9%84%D8%A7%D9%86%D9%B9%D8%B3-/depuy-%D8%A8%DB%8C%D8%B1%D9%84/?add-to-cart=625,183
https://ur.medeqipexp.com/%D9%85%D8%B5%D9%86%D9%88%D8%B9%D8%A7%D8%AA/depuy-tk6%20%D9%85%D8%B9%DB%8C%D8%A7%D8%B1%DB%8C-145%20%DA%88%DA%AF%D8%B1%DB%8C-2%20%D8%B3%D9%88%D8%B1%D8%A7%D8%AE%20%D8%A8%DB%8C%D8%B1%D9%84/,66
https://ur.medeqipexp.com/%D9%85%D8%B5%D9%86%D9%88%D8%B9%D8%A7%D8%AA%20%DA%A9%DB%92%20%D8%B2%D9%85%D8%B1%DB%92/%D8%A2%D8%B1%D8%AA%DA%BE%D9%88%D9%BE%DB%8C%DA%88%DA%A9%20%D8%A7%DB%8C%D9%85%D9%BE%D9%84%D8%A7%D9%86%D9%B9%D8%B3-/depuy-%D8%A8%DB%8C%D8%B1%D9%84/?add-to-cart=627,186
https://ur.medeqipexp.com/%D9%85%D8%B5%D9%86%D9%88%D8%B9%D8%A7%D8%AA/depuy-tk4%20%D9%85%D8%B9%DB%8C%D8%A7%D8%B1%DB%8C-150%20%DA%88%DA%AF%D8%B1%DB%8C-2%20%D8%B3%D9%88%D8%B1%D8%A7%D8%AE%20%D8%A8%DB%8C%D8%B1%D9%84/,66
https://ur.medeqipexp.com/%D9%85%D8%B5%D9%86%D9%88%D8%B9%D8%A7%D8%AA%20%DA%A9%DB%92%20%D8%B2%D9%85%D8%B1%DB%92/%D8%A2%D8%B1%D8%AA%DA%BE%D9%88%D9%BE%DB%8C%DA%88%DA%A9%20%D8%A7%DB%8C%D9%85%D9%BE%D9%84%D8%A7%D9%86%D9%B9%D8%B3-/depuy-%D8%A8%DB%8C%D8%B1%D9%84/?add-to-cart=629,189
https://ur.medeqipexp.com/%D9%85%D8%B5%D9%86%D9%88%D8%B9%D8%A7%D8%AA/depuy-tk5%20%D9%85%D8%B9%DB%8C%D8%A7%D8%B1%DB%8C-150%20%DA%88%DA%AF%D8%B1%DB%8C-2%20%D8%B3%D9%88%D8%B1%D8%A7%D8%AE%20%D8%A8%DB%8C%D8%B1%D9%84/,66
https://ur.medeqipexp.com/%D9%85%D8%B5%D9%86%D9%88%D8%B9%D8%A7%D8%AA%20%DA%A9%DB%92%20%D8%B2%D9%85%D8%B1%DB%92/%D8%A2%D8%B1%D8%AA%DA%BE%D9%88%D9%BE%DB%8C%DA%88%DA%A9%20%D8%A7%DB%8C%D9%85%D9%BE%D9%84%D8%A7%D9%86%D9%B9%D8%B3-/depuy-%D8%A8%DB%8C%D8%B1%D9%84/?add-to-cart=631,192
https://ur.medeqipexp.com/%D9%85%D8%B5%D9%86%D9%88%D8%B9%D8%A7%D8%AA/depuy-tk6%20%D9%85%D8%B9%DB%8C%D8%A7%D8%B1%DB%8C-150%20%DA%88%DA%AF%D8%B1%DB%8C-2%20%D8%B3%D9%88%D8%B1%D8%A7%D8%AE%20%D8%A8%DB%8C%D8%B1%D9%84/,66
https://ur.medeqipexp.com/%D9%85%D8%B5%D9%86%D9%88%D8%B9%D8%A7%D8%AA%20%DA%A9%DB%92%20%D8%B2%D9%85%D8%B1%DB%92/%D8%A2%D8%B1%D8%AA%DA%BE%D9%88%D9%BE%DB%8C%DA%88%DA%A9%20%D8%A7%DB%8C%D9%85%D9%BE%D9%84%D8%A7%D9%86%D9%B9%D8%B3-/depuy-%D8%A8%DB%8C%D8%B1%D9%84/?add-to-cart=633,195
https://ur.medeqipexp.com/CDN-CGI/l/%D8%A7%DB%8C-%D9%85%DB%8C%D9%84-%DA%A9%DB%92-%D8%AA%D8%AD%D9%81%D8%B8#462b232223372f36233e360627292a6825292b,4
https://ur.medeqipexp.com/%D9%85%D8%B5%D9%86%D9%88%D8%B9%D8%A7%D8%AA/depuy-%D8%A7%DB%8C%DA%A9%D8%B3%D9%84%20%D9%81%D8%B1%DB%8C%DA%A9%DA%86%D8%B1%20%D8%B3%D8%B3%D9%B9%D9%85%D8%8C%20%D8%AF%D9%88%20%D9%82%D8%B7%D8%A8%DB%8C%20%D8%B3%D8%B1%20%D8%B3%DB%8C%D9%84%D9%81%20%D8%A8%D9%85%D8%B1%DA%A9%D8%B2-%DB%81%D9%BE%2039mm-ID-28mm%20%D9%BE%D9%88%DA%88/,68
https://ur.medeqipexp.com/%D9%85%D8%B5%D9%86%D9%88%D8%B9%D8%A7%D8%AA%20%DA%A9%DB%92%20%D8%B2%D9%85%D8%B1%DB%92/%D8%A2%D8%B1%D8%AA%DA%BE%D9%88%D9%BE%DB%8C%DA%88%DA%A9%20%D8%A7%DB%8C%D9%85%D9%BE%D9%84%D8%A7%D9%86%D9%B9%D8%B3-/depuy-%D8%A7%DB%8C%DA%A9%D8%B3%D9%84%20%D9%81%D8%B1%DB%8C%DA%A9%DA%86%D8%B1%20%DB%81%D9%BE%20%D8%A7%DB%8C%D9%85%D9%BE%D9%84%D8%A7%D9%86%D9%B9%D8%B3/?add-to-cart=635,198
https://ur.medeqipexp.com/%D9%85%D8%B5%D9%86%D9%88%D8%B9%D8%A7%D8%AA/depuy-%D8%A7%DB%8C%DA%A9%D8%B3%D9%84%20%D9%81%D8%B1%DB%8C%DA%A9%DA%86%D8%B1%20%D8%B3%D8%B3%D9%B9%D9%85%D8%8C%20%D8%AF%D9%88%20%D9%82%D8%B7%D8%A8%DB%8C%20%D8%B3%D8%B1%20%D8%B3%DB%8C%D9%84%D9%81%20%D8%A8%D9%85%D8%B1%DA%A9%D8%B2-%DB%81%D9%BE%2040mm-ID-28mm%20%D9%BE%D9%88%DA%88/,68
https://ur.medeqipexp.com/%D9%85%D8%B5%D9%86%D9%88%D8%B9%D8%A7%D8%AA%20%DA%A9%DB%92%20%D8%B2%D9%85%D8%B1%DB%92/%D8%A2%D8%B1%D8%AA%DA%BE%D9%88%D9%BE%DB%8C%DA%88%DA%A9%20%D8%A7%DB%8C%D9%85%D9%BE%D9%84%D8%A7%D9%86%D9%B9%D8%B3-/depuy-%D8%A7%DB%8C%DA%A9%D8%B3%D9%84%20%D9%81%D8%B1%DB%8C%DA%A9%DA%86%D8%B1%20%DB%81%D9%BE%20%D8%A7%DB%8C%D9%85%D9%BE%D9%84%D8%A7%D9%86%D9%B9%D8%B3/?add-to-cart=639,201
https://ur.medeqipexp.com/%D9%85%D8%B5%D9%86%D9%88%D8%B9%D8%A7%D8%AA/depuy-%D8%A7%DB%8C%DA%A9%D8%B3%D9%84%20%D9%81%D8%B1%DB%8C%DA%A9%DA%86%D8%B1%20%D8%B3%D8%B3%D9%B9%D9%85%D8%8C%20%D8%AF%D9%88%20%D9%82%D8%B7%D8%A8%DB%8C%20%D8%B3%D8%B1%20%D8%B3%DB%8C%D9%84%D9%81%20%D8%A8%D9%85%D8%B1%DA%A9%D8%B2-%DB%81%D9%BE%2041mm-ID-28mm%20%D9%BE%D9%88%DA%88/,68
https://ur.medeqipexp.com/%D9%85%D8%B5%D9%86%D9%88%D8%B9%D8%A7%D8%AA%20%DA%A9%DB%92%20%D8%B2%D9%85%D8%B1%DB%92/%D8%A2%D8%B1%D8%AA%DA%BE%D9%88%D9%BE%DB%8C%DA%88%DA%A9%20%D8%A7%DB%8C%D9%85%D9%BE%D9%84%D8%A7%D9%86%D9%B9%D8%B3-/depuy-%D8%A7%DB%8C%DA%A9%D8%B3%D9%84%20%D9%81%D8%B1%DB%8C%DA%A9%DA%86%D8%B1%20%DB%81%D9%BE%20%D8%A7%DB%8C%D9%85%D9%BE%D9%84%D8%A7%D9%86%D9%B9%D8%B3/?add-to-cart=643,204
https://ur.medeqipexp.com/%D9%85%D8%B5%D9%86%D9%88%D8%B9%D8%A7%D8%AA/depuy-%D8%A7%DB%8C%DA%A9%D8%B3%D9%84%20%D9%81%D8%B1%DB%8C%DA%A9%DA%86%D8%B1%20%D8%B3%D8%B3%D9%B9%D9%85%D8%8C%20%D8%AF%D9%88%20%D9%82%D8%B7%D8%A8%DB%8C%20%D8%B3%D8%B1%20%D8%B3%DB%8C%D9%84%D9%81%20%D8%A8%D9%85%D8%B1%DA%A9%D8%B2-%DB%81%D9%BE%2042mm-ID-28mm%20%D9%BE%D9%88%DA%88/,68
https://ur.medeqipexp.com/%D9%85%D8%B5%D9%86%D9%88%D8%B9%D8%A7%D8%AA%20%DA%A9%DB%92%20%D8%B2%D9%85%D8%B1%DB%92/%D8%A2%D8%B1%D8%AA%DA%BE%D9%88%D9%BE%DB%8C%DA%88%DA%A9%20%D8%A7%DB%8C%D9%85%D9%BE%D9%84%D8%A7%D9%86%D9%B9%D8%B3-/depuy-%D8%A7%DB%8C%DA%A9%D8%B3%D9%84%20%D9%81%D8%B1%DB%8C%DA%A9%DA%86%D8%B1%20%DB%81%D9%BE%20%D8%A7%DB%8C%D9%85%D9%BE%D9%84%D8%A7%D9%86%D9%B9%D8%B3/?add-to-cart=647,207
https://ur.medeqipexp.com/%D9%85%D8%B5%D9%86%D9%88%D8%B9%D8%A7%D8%AA/depuy-%D8%A7%DB%8C%DA%A9%D8%B3%D9%84%20%D9%81%D8%B1%DB%8C%DA%A9%DA%86%D8%B1%20%D8%B3%D8%B3%D9%B9%D9%85%D8%8C%20%D8%AF%D9%88%20%D9%82%D8%B7%D8%A8%DB%8C%20%D8%B3%D8%B1%20%D8%B3%DB%8C%D9%84%D9%81%20%D8%A8%D9%85%D8%B1%DA%A9%D8%B2-%DB%81%D9%BE%2044mm-ID-28mm%20%D9%BE%D9%88%DA%88/,68
https://ur.medeqipexp.com/%D9%85%D8%B5%D9%86%D9%88%D8%B9%D8%A7%D8%AA%20%DA%A9%DB%92%20%D8%B2%D9%85%D8%B1%DB%92/%D8%A2%D8%B1%D8%AA%DA%BE%D9%88%D9%BE%DB%8C%DA%88%DA%A9%20%D8%A7%DB%8C%D9%85%D9%BE%D9%84%D8%A7%D9%86%D9%B9%D8%B3-/depuy-%D8%A7%DB%8C%DA%A9%D8%B3%D9%84%20%D9%81%D8%B1%DB%8C%DA%A9%DA%86%D8%B1%20%DB%81%D9%BE%20%D8%A7%DB%8C%D9%85%D9%BE%D9%84%D8%A7%D9%86%D9%B9%D8%B3/?add-to-cart=651,210
https://ur.medeqipexp.com/%D9%85%D8%B5%D9%86%D9%88%D8%B9%D8%A7%D8%AA/depuy-%D8%A7%DB%8C%DA%A9%D8%B3%D9%84%20%D9%81%D8%B1%DB%8C%DA%A9%DA%86%D8%B1%20%D8%B3%D8%B3%D9%B9%D9%85%D8%8C%20%D8%AF%D9%88%20%D9%82%D8%B7%D8%A8%DB%8C%20%D8%B3%D8%B1%20%D8%B3%DB%8C%D9%84%D9%81%20%D8%A8%D9%85%D8%B1%DA%A9%D8%B2-%DB%81%D9%BE%2045mm-ID-28mm%20%D9%BE%D9%88%DA%88/,67
https://ur.medeqipexp.com/%D9%85%D8%B5%D9%86%D9%88%D8%B9%D8%A7%D8%AA%20%DA%A9%DB%92%20%D8%B2%D9%85%D8%B1%DB%92/%D8%A2%D8%B1%D8%AA%DA%BE%D9%88%D9%BE%DB%8C%DA%88%DA%A9%20%D8%A7%DB%8C%D9%85%D9%BE%D9%84%D8%A7%D9%86%D9%B9%D8%B3-/depuy-%D8%A7%DB%8C%DA%A9%D8%B3%D9%84%20%D9%81%D8%B1%DB%8C%DA%A9%DA%86%D8%B1%20%DB%81%D9%BE%20%D8%A7%DB%8C%D9%85%D9%BE%D9%84%D8%A7%D9%86%D9%B9%D8%B3/?add-to-cart=655,213
https://ur.medeqipexp.com/%D9%85%D8%B5%D9%86%D9%88%D8%B9%D8%A7%D8%AA/depuy-%D8%A7%DB%8C%DA%A9%D8%B3%D9%84%20%D9%81%D8%B1%DB%8C%DA%A9%DA%86%D8%B1%20%D8%B3%D8%B3%D9%B9%D9%85%D8%8C%20%D8%AF%D9%88%20%D9%82%D8%B7%D8%A8%DB%8C%20%D8%B3%D8%B1%20%D8%B3%DB%8C%D9%84%D9%81%20%D8%A8%D9%85%D8%B1%DA%A9%D8%B2-%DB%81%D9%BE%2046mm-ID-28mm%20%D9%BE%D9%88%DA%88/,67
https://ur.medeqipexp.com/%D9%85%D8%B5%D9%86%D9%88%D8%B9%D8%A7%D8%AA%20%DA%A9%DB%92%20%D8%B2%D9%85%D8%B1%DB%92/%D8%A2%D8%B1%D8%AA%DA%BE%D9%88%D9%BE%DB%8C%DA%88%DA%A9%20%D8%A7%DB%8C%D9%85%D9%BE%D9%84%D8%A7%D9%86%D9%B9%D8%B3-/depuy-%D8%A7%DB%8C%DA%A9%D8%B3%D9%84%20%D9%81%D8%B1%DB%8C%DA%A9%DA%86%D8%B1%20%DB%81%D9%BE%20%D8%A7%DB%8C%D9%85%D9%BE%D9%84%D8%A7%D9%86%D9%B9%D8%B3/?add-to-cart=658,216
https://ur.medeqipexp.com/%D9%85%D8%B5%D9%86%D9%88%D8%B9%D8%A7%D8%AA/depuy-%D8%A7%DB%8C%DA%A9%D8%B3%D9%84%20%D9%81%D8%B1%DB%8C%DA%A9%DA%86%D8%B1%20%D8%B3%D8%B3%D9%B9%D9%85%D8%8C%20%D8%AF%D9%88%20%D9%82%D8%B7%D8%A8%DB%8C%20%D8%B3%D8%B1%20%D8%B3%DB%8C%D9%84%D9%81%20%D8%A8%D9%85%D8%B1%DA%A9%D8%B2-%DB%81%D9%BE%2047mm-ID-28mm%20%D9%BE%D9%88%DA%88/,67
https://ur.medeqipexp.com/%D9%85%D8%B5%D9%86%D9%88%D8%B9%D8%A7%D8%AA%20%DA%A9%DB%92%20%D8%B2%D9%85%D8%B1%DB%92/%D8%A2%D8%B1%D8%AA%DA%BE%D9%88%D9%BE%DB%8C%DA%88%DA%A9%20%D8%A7%DB%8C%D9%85%D9%BE%D9%84%D8%A7%D9%86%D9%B9%D8%B3-/depuy-%D8%A7%DB%8C%DA%A9%D8%B3%D9%84%20%D9%81%D8%B1%DB%8C%DA%A9%DA%86%D8%B1%20%DB%81%D9%BE%20%D8%A7%DB%8C%D9%85%D9%BE%D9%84%D8%A7%D9%86%D9%B9%D8%B3/?add-to-cart=661,219
https://ur.medeqipexp.com/%D9%85%D8%B5%D9%86%D9%88%D8%B9%D8%A7%D8%AA/depuy-%D8%A7%DB%8C%DA%A9%D8%B3%D9%84%20%D9%81%D8%B1%DB%8C%DA%A9%DA%86%D8%B1%20%D8%B3%D8%B3%D9%B9%D9%85%D8%8C%20%D8%AF%D9%88%20%D9%82%D8%B7%D8%A8%DB%8C%20%D8%B3%D8%B1%20%D8%B3%DB%8C%D9%84%D9%81%20%D8%A8%D9%85%D8%B1%DA%A9%D8%B2-%DB%81%D9%BE%2048mm-ID-28mm%20%D9%BE%D9%88%DA%88/,67
https://ur.medeqipexp.com/%D9%85%D8%B5%D9%86%D9%88%D8%B9%D8%A7%D8%AA%20%DA%A9%DB%92%20%D8%B2%D9%85%D8%B1%DB%92/%D8%A2%D8%B1%D8%AA%DA%BE%D9%88%D9%BE%DB%8C%DA%88%DA%A9%20%D8%A7%DB%8C%D9%85%D9%BE%D9%84%D8%A7%D9%86%D9%B9%D8%B3-/depuy-%D8%A7%DB%8C%DA%A9%D8%B3%D9%84%20%D9%81%D8%B1%DB%8C%DA%A9%DA%86%D8%B1%20%DB%81%D9%BE%20%D8%A7%DB%8C%D9%85%D9%BE%D9%84%D8%A7%D9%86%D9%B9%D8%B3/?add-to-cart=664,222
https://ur.medeqipexp.com/%D9%85%D8%B5%D9%86%D9%88%D8%B9%D8%A7%D8%AA/depuy-%D8%A7%DB%8C%DA%A9%D8%B3%D9%84%20%D9%81%D8%B1%DB%8C%DA%A9%DA%86%D8%B1%20%D8%B3%D8%B3%D9%B9%D9%85%D8%8C%20%D8%AF%D9%88%20%D9%82%D8%B7%D8%A8%DB%8C%20%D8%B3%D8%B1%20%D8%B3%DB%8C%D9%84%D9%81%20%D8%A8%D9%85%D8%B1%DA%A9%D8%B2-%DB%81%D9%BE%2049mm-ID-28mm%20%D9%BE%D9%88%DA%88/,67
https://ur.medeqipexp.com/%D9%85%D8%B5%D9%86%D9%88%D8%B9%D8%A7%D8%AA%20%DA%A9%DB%92%20%D8%B2%D9%85%D8%B1%DB%92/%D8%A2%D8%B1%D8%AA%DA%BE%D9%88%D9%BE%DB%8C%DA%88%DA%A9%20%D8%A7%DB%8C%D9%85%D9%BE%D9%84%D8%A7%D9%86%D9%B9%D8%B3-/depuy-%D8%A7%DB%8C%DA%A9%D8%B3%D9%84%20%D9%81%D8%B1%DB%8C%DA%A9%DA%86%D8%B1%20%DB%81%D9%BE%20%D8%A7%DB%8C%D9%85%D9%BE%D9%84%D8%A7%D9%86%D9%B9%D8%B3/?add-to-cart=667,225
https://ur.medeqipexp.com/%D9%85%D8%B5%D9%86%D9%88%D8%B9%D8%A7%D8%AA/depuy-%D8%A7%DB%8C%DA%A9%D8%B3%D9%84%20%D9%81%D8%B1%DB%8C%DA%A9%DA%86%D8%B1%20%D8%B3%D8%B3%D9%B9%D9%85%D8%8C%20%D8%AF%D9%88%20%D9%82%D8%B7%D8%A8%DB%8C%20%D8%B3%D8%B1%20%D8%B3%DB%8C%D9%84%D9%81%20%D8%A8%D9%85%D8%B1%DA%A9%D8%B2-%DB%81%D9%BE%2050mm-ID-28mm%20%D9%BE%D9%88%DA%88/,67
https://ur.medeqipexp.com/%D9%85%D8%B5%D9%86%D9%88%D8%B9%D8%A7%D8%AA%20%DA%A9%DB%92%20%D8%B2%D9%85%D8%B1%DB%92/%D8%A2%D8%B1%D8%AA%DA%BE%D9%88%D9%BE%DB%8C%DA%88%DA%A9%20%D8%A7%DB%8C%D9%85%D9%BE%D9%84%D8%A7%D9%86%D9%B9%D8%B3-/depuy-%D8%A7%DB%8C%DA%A9%D8%B3%D9%84%20%D9%81%D8%B1%DB%8C%DA%A9%DA%86%D8%B1%20%DB%81%D9%BE%20%D8%A7%DB%8C%D9%85%D9%BE%D9%84%D8%A7%D9%86%D9%B9%D8%B3/?add-to-cart=670,228
https://ur.medeqipexp.com/%D9%85%D8%B5%D9%86%D9%88%D8%B9%D8%A7%D8%AA/depuy-%D8%A7%DB%8C%DA%A9%D8%B3%D9%84%20%D9%81%D8%B1%DB%8C%DA%A9%DA%86%D8%B1%20%D8%B3%D8%B3%D9%B9%D9%85%D8%8C%20%D8%AF%D9%88%20%D9%82%D8%B7%D8%A8%DB%8C%20%D8%B3%D8%B1%20%D8%B3%DB%8C%D9%84%D9%81%20%D8%A8%D9%85%D8%B1%DA%A9%D8%B2-%DB%81%D9%BE%2051mm-ID-28mm%20%D9%BE%D9%88%DA%88/,69
https://ur.medeqipexp.com/%D9%85%D8%B5%D9%86%D9%88%D8%B9%D8%A7%D8%AA%20%DA%A9%DB%92%20%D8%B2%D9%85%D8%B1%DB%92/%D8%A2%D8%B1%D8%AA%DA%BE%D9%88%D9%BE%DB%8C%DA%88%DA%A9%20%D8%A7%DB%8C%D9%85%D9%BE%D9%84%D8%A7%D9%86%D9%B9%D8%B3-/depuy-%D8%A7%DB%8C%DA%A9%D8%B3%D9%84%20%D9%81%D8%B1%DB%8C%DA%A9%DA%86%D8%B1%20%DB%81%D9%BE%20%D8%A7%DB%8C%D9%85%D9%BE%D9%84%D8%A7%D9%86%D9%B9%D8%B3/?add-to-cart=673,231
https://ur.medeqipexp.com/%D9%85%D8%B5%D9%86%D9%88%D8%B9%D8%A7%D8%AA/depuy-%D8%A7%DB%8C%DA%A9%D8%B3%D9%84%20%D9%81%D8%B1%DB%8C%DA%A9%DA%86%D8%B1%20%D8%B3%D8%B3%D9%B9%D9%85%D8%8C%20%D8%AF%D9%88%20%D9%82%D8%B7%D8%A8%DB%8C%20%D8%B3%D8%B1%20%D8%B3%DB%8C%D9%84%D9%81%20%D8%A8%D9%85%D8%B1%DA%A9%D8%B2-%DB%81%D9%BE%2052mm-ID-28mm%20%D9%BE%D9%88%DA%88/,67
https://ur.medeqipexp.com/%D9%85%D8%B5%D9%86%D9%88%D8%B9%D8%A7%D8%AA%20%DA%A9%DB%92%20%D8%B2%D9%85%D8%B1%DB%92/%D8%A2%D8%B1%D8%AA%DA%BE%D9%88%D9%BE%DB%8C%DA%88%DA%A9%20%D8%A7%DB%8C%D9%85%D9%BE%D9%84%D8%A7%D9%86%D9%B9%D8%B3-/depuy-%D8%A7%DB%8C%DA%A9%D8%B3%D9%84%20%D9%81%D8%B1%DB%8C%DA%A9%DA%86%D8%B1%20%DB%81%D9%BE%20%D8%A7%DB%8C%D9%85%D9%BE%D9%84%D8%A7%D9%86%D9%B9%D8%B3/?add-to-cart=678,234
https://ur.medeqipexp.com/%D9%85%D8%B5%D9%86%D9%88%D8%B9%D8%A7%D8%AA/depuy-%D8%A7%DB%8C%DA%A9%D8%B3%D9%84%20%D9%81%D8%B1%DB%8C%DA%A9%DA%86%D8%B1%20%D8%B3%D8%B3%D9%B9%D9%85%D8%8C%20%D8%AF%D9%88%20%D9%82%D8%B7%D8%A8%DB%8C%20%D8%B3%D8%B1%20%D8%B3%DB%8C%D9%84%D9%81%20%D8%A8%D9%85%D8%B1%DA%A9%D8%B2-%DB%81%D9%BE%2053mm-ID-28mm%20%D9%BE%D9%88%DA%88/,67
https://ur.medeqipexp.com/%D9%85%D8%B5%D9%86%D9%88%D8%B9%D8%A7%D8%AA%20%DA%A9%DB%92%20%D8%B2%D9%85%D8%B1%DB%92/%D8%A2%D8%B1%D8%AA%DA%BE%D9%88%D9%BE%DB%8C%DA%88%DA%A9%20%D8%A7%DB%8C%D9%85%D9%BE%D9%84%D8%A7%D9%86%D9%B9%D8%B3-/depuy-%D8%A7%DB%8C%DA%A9%D8%B3%D9%84%20%D9%81%D8%B1%DB%8C%DA%A9%DA%86%D8%B1%20%DB%81%D9%BE%20%D8%A7%DB%8C%D9%85%D9%BE%D9%84%D8%A7%D9%86%D9%B9%D8%B3/?add-to-cart=681,237
https://ur.medeqipexp.com/%D9%85%D8%B5%D9%86%D9%88%D8%B9%D8%A7%D8%AA/depuy-%D8%A7%DB%8C%DA%A9%D8%B3%D9%84%20%D9%81%D8%B1%DB%8C%DA%A9%DA%86%D8%B1%20%D8%B3%D8%B3%D9%B9%D9%85%D8%8C%20%D8%AF%D9%88%20%D9%82%D8%B7%D8%A8%DB%8C%20%D8%B3%D8%B1%20%D8%B3%DB%8C%D9%84%D9%81%20%D8%A8%D9%85%D8%B1%DA%A9%D8%B2-%DB%81%D9%BE%2055mm-ID-28mm%20%D9%BE%D9%88%DA%88/,67
https://ur.medeqipexp.com/%D9%85%D8%B5%D9%86%D9%88%D8%B9%D8%A7%D8%AA%20%DA%A9%DB%92%20%D8%B2%D9%85%D8%B1%DB%92/%D8%A2%D8%B1%D8%AA%DA%BE%D9%88%D9%BE%DB%8C%DA%88%DA%A9%20%D8%A7%DB%8C%D9%85%D9%BE%D9%84%D8%A7%D9%86%D9%B9%D8%B3-/depuy-%D8%A7%DB%8C%DA%A9%D8%B3%D9%84%20%D9%81%D8%B1%DB%8C%DA%A9%DA%86%D8%B1%20%DB%81%D9%BE%20%D8%A7%DB%8C%D9%85%D9%BE%D9%84%D8%A7%D9%86%D9%B9%D8%B3/?add-to-cart=684,240
https://ur.medeqipexp.com/%D9%85%D8%B5%D9%86%D9%88%D8%B9%D8%A7%D8%AA/depuy-%D8%A7%DB%8C%DA%A9%D8%B3%D9%84%20%D9%81%D8%B1%DB%8C%DA%A9%DA%86%D8%B1%20%D8%B3%D8%B3%D9%B9%D9%85%D8%8C%20%D8%AF%D9%88%20%D9%82%D8%B7%D8%A8%DB%8C%20%D8%B3%D8%B1%20%D8%B3%DB%8C%D9%84%D9%81%20%D8%A8%D9%85%D8%B1%DA%A9%D8%B2-%DB%81%D9%BE%2057mm-ID-28mm%20%D9%BE%D9%88%DA%88/,67
https://ur.medeqipexp.com/%D9%85%D8%B5%D9%86%D9%88%D8%B9%D8%A7%D8%AA%20%DA%A9%DB%92%20%D8%B2%D9%85%D8%B1%DB%92/%D8%A2%D8%B1%D8%AA%DA%BE%D9%88%D9%BE%DB%8C%DA%88%DA%A9%20%D8%A7%DB%8C%D9%85%D9%BE%D9%84%D8%A7%D9%86%D9%B9%D8%B3-/depuy-%D8%A7%DB%8C%DA%A9%D8%B3%D9%84%20%D9%81%D8%B1%DB%8C%DA%A9%DA%86%D8%B1%20%DB%81%D9%BE%20%D8%A7%DB%8C%D9%85%D9%BE%D9%84%D8%A7%D9%86%D9%B9%D8%B3/?add-to-cart=687,243
https://ur.medeqipexp.com/%D9%85%D8%B5%D9%86%D9%88%D8%B9%D8%A7%D8%AA/depuy-%D8%A7%DB%8C%DA%A9%D8%B3%D9%84%20%D9%81%D8%B1%DB%8C%DA%A9%DA%86%D8%B1%20%D8%B3%D8%B3%D9%B9%D9%85%D8%8C%20%D8%AF%D9%88%20%D9%82%D8%B7%D8%A8%DB%8C%20%D8%B3%D8%B1%20%D8%B3%DB%8C%D9%84%D9%81%20%D8%A8%D9%85%D8%B1%DA%A9%D8%B2-%DB%81%D9%BE%2059mm-ID-28mm%20%D9%BE%D9%88%DA%88/,67
https://ur.medeqipexp.com/%D9%85%D8%B5%D9%86%D9%88%D8%B9%D8%A7%D8%AA%20%DA%A9%DB%92%20%D8%B2%D9%85%D8%B1%DB%92/%D8%A2%D8%B1%D8%AA%DA%BE%D9%88%D9%BE%DB%8C%DA%88%DA%A9%20%D8%A7%DB%8C%D9%85%D9%BE%D9%84%D8%A7%D9%86%D9%B9%D8%B3-/depuy-%D8%A7%DB%8C%DA%A9%D8%B3%D9%84%20%D9%81%D8%B1%DB%8C%DA%A9%DA%86%D8%B1%20%DB%81%D9%BE%20%D8%A7%DB%8C%D9%85%D9%BE%D9%84%D8%A7%D9%86%D9%B9%D8%B3/?add-to-cart=690,246
https://ur.medeqipexp.com/%D9%85%D8%B5%D9%86%D9%88%D8%B9%D8%A7%D8%AA/depuy-%D8%A7%DB%8C%DA%A9%D8%B3%D9%84%20%D9%81%D8%B1%DB%8C%DA%A9%DA%86%D8%B1%20%D9%86%D8%B8%D8%A7%D9%85%20%D8%AA%D9%82%D9%88%DB%8C%D8%AA%20%DB%81%D9%BE%20%D8%AE%D9%84%DB%8C%DB%81-SZ-14-brch-12-5-%D9%85%D8%AE%D8%B1%D9%88%D8%B7%DB%8C-10-1/,67
https://ur.medeqipexp.com/%D9%85%D8%B5%D9%86%D9%88%D8%B9%D8%A7%D8%AA%20%DA%A9%DB%92%20%D8%B2%D9%85%D8%B1%DB%92/%D8%A2%D8%B1%D8%AA%DA%BE%D9%88%D9%BE%DB%8C%DA%88%DA%A9%20%D8%A7%DB%8C%D9%85%D9%BE%D9%84%D8%A7%D9%86%D9%B9%D8%B3-/depuy-%D8%A7%DB%8C%DA%A9%D8%B3%D9%84%20%D9%81%D8%B1%DB%8C%DA%A9%DA%86%D8%B1%20%DB%81%D9%BE%20%D8%A7%DB%8C%D9%85%D9%BE%D9%84%D8%A7%D9%86%D9%B9%D8%B3/?add-to-cart=744,249
https://ur.medeqipexp.com/%D9%85%D8%B5%D9%86%D9%88%D8%B9%D8%A7%D8%AA/depuy-%D8%A7%DB%8C%DA%A9%D8%B3%D9%84%20%D9%81%D8%B1%DB%8C%DA%A9%DA%86%D8%B1%20%D9%86%D8%B8%D8%A7%D9%85%20%D8%AA%D9%82%D9%88%DB%8C%D8%AA%20%DB%81%D9%BE%20%D8%AE%D9%84%DB%8C%DB%81-SZ-14-brch-12-0-%D9%85%D8%AE%D8%B1%D9%88%D8%B7%DB%8C-12-2/,68
https://ur.medeqipexp.com/%D9%85%D8%B5%D9%86%D9%88%D8%B9%D8%A7%D8%AA%20%DA%A9%DB%92%20%D8%B2%D9%85%D8%B1%DB%92/%D8%A2%D8%B1%D8%AA%DA%BE%D9%88%D9%BE%DB%8C%DA%88%DA%A9%20%D8%A7%DB%8C%D9%85%D9%BE%D9%84%D8%A7%D9%86%D9%B9%D8%B3-/depuy-%D8%A7%DB%8C%DA%A9%D8%B3%D9%84%20%D9%81%D8%B1%DB%8C%DA%A9%DA%86%D8%B1%20%DB%81%D9%BE%20%D8%A7%DB%8C%D9%85%D9%BE%D9%84%D8%A7%D9%86%D9%B9%D8%B3/?add-to-cart=748,252
https://ur.medeqipexp.com/%D9%85%D8%B5%D9%86%D9%88%D8%B9%D8%A7%D8%AA/depuy-%D8%A7%DB%8C%DA%A9%D8%B3%D9%84%20%D9%81%D8%B1%DB%8C%DA%A9%DA%86%D8%B1%20%D9%86%D8%B8%D8%A7%D9%85%20%D8%AA%D9%82%D9%88%DB%8C%D8%AA%20%DB%81%D9%BE%20%D8%AE%D9%84%DB%8C%DB%81-SZ-14-brch-12-5-%D9%85%D8%AE%D8%B1%D9%88%D8%B7%DB%8C-13-3/,68
https://ur.medeqipexp.com/%D9%85%D8%B5%D9%86%D9%88%D8%B9%D8%A7%D8%AA%20%DA%A9%DB%92%20%D8%B2%D9%85%D8%B1%DB%92/%D8%A2%D8%B1%D8%AA%DA%BE%D9%88%D9%BE%DB%8C%DA%88%DA%A9%20%D8%A7%DB%8C%D9%85%D9%BE%D9%84%D8%A7%D9%86%D9%B9%D8%B3-/depuy-%D8%A7%DB%8C%DA%A9%D8%B3%D9%84%20%D9%81%D8%B1%DB%8C%DA%A9%DA%86%D8%B1%20%DB%81%D9%BE%20%D8%A7%DB%8C%D9%85%D9%BE%D9%84%D8%A7%D9%86%D9%B9%D8%B3/?add-to-cart=752,255
https://ur.medeqipexp.com/%D9%85%D8%B5%D9%86%D9%88%D8%B9%D8%A7%D8%AA/depuy-%D8%A7%DB%8C%DA%A9%D8%B3%D9%84%20%D9%81%D8%B1%DB%8C%DA%A9%DA%86%D8%B1%20%D9%86%D8%B8%D8%A7%D9%85%20%D8%AA%D9%82%D9%88%DB%8C%D8%AA%20%DB%81%D9%BE%20%D8%AE%D9%84%DB%8C%DB%81-SZ-14-brch-12-0-%D9%85%D8%AE%D8%B1%D9%88%D8%B7%DB%8C-15-4/,68
https://ur.medeqipexp.com/%D9%85%D8%B5%D9%86%D9%88%D8%B9%D8%A7%D8%AA%20%DA%A9%DB%92%20%D8%B2%D9%85%D8%B1%DB%92/%D8%A2%D8%B1%D8%AA%DA%BE%D9%88%D9%BE%DB%8C%DA%88%DA%A9%20%D8%A7%DB%8C%D9%85%D9%BE%D9%84%D8%A7%D9%86%D9%B9%D8%B3-/depuy-%D8%A7%DB%8C%DA%A9%D8%B3%D9%84%20%D9%81%D8%B1%DB%8C%DA%A9%DA%86%D8%B1%20%DB%81%D9%BE%20%D8%A7%DB%8C%D9%85%D9%BE%D9%84%D8%A7%D9%86%D9%B9%D8%B3/?add-to-cart=756,258
https://ur.medeqipexp.com/%D9%85%D8%B5%D9%86%D9%88%D8%B9%D8%A7%D8%AA/depuy-%D8%A7%DB%8C%DA%A9%D8%B3%D9%84%20%D9%81%D8%B1%DB%8C%DA%A9%DA%86%D8%B1%20%D9%86%D8%B8%D8%A7%D9%85%20%D8%AA%D9%82%D9%88%DB%8C%D8%AA%20%DB%81%D9%BE%20%D8%AE%D9%84%DB%8C%DB%81-SZ-14-brch-12-5-%D9%85%D8%AE%D8%B1%D9%88%D8%B7%DB%8C-16-5/,68
https://ur.medeqipexp.com/%D9%85%D8%B5%D9%86%D9%88%D8%B9%D8%A7%D8%AA%20%DA%A9%DB%92%20%D8%B2%D9%85%D8%B1%DB%92/%D8%A2%D8%B1%D8%AA%DA%BE%D9%88%D9%BE%DB%8C%DA%88%DA%A9%20%D8%A7%DB%8C%D9%85%D9%BE%D9%84%D8%A7%D9%86%D9%B9%D8%B3-/depuy-%D8%A7%DB%8C%DA%A9%D8%B3%D9%84%20%D9%81%D8%B1%DB%8C%DA%A9%DA%86%D8%B1%20%DB%81%D9%BE%20%D8%A7%DB%8C%D9%85%D9%BE%D9%84%D8%A7%D9%86%D9%B9%D8%B3/?add-to-cart=760,261
https://ur.medeqipexp.com/%D9%85%D8%B5%D9%86%D9%88%D8%B9%D8%A7%D8%AA/depuy-%D8%A7%DB%8C%DA%A9%D8%B3%D9%84%20%D9%81%D8%B1%DB%8C%DA%A9%DA%86%D8%B1%20%D8%B3%D8%B3%D9%B9%D9%85-%DB%81%D9%BE%20%D8%B3%D9%B9%DB%8C%D9%85%20%D9%BE%D8%B1%DB%8C%D8%B3%20%D9%81%D9%B9-SZ-14-brch-12-0-%D8%AF%DB%8C%D9%BE%DA%A9-9-0/,68
https://ur.medeqipexp.com/%D9%85%D8%B5%D9%86%D9%88%D8%B9%D8%A7%D8%AA%20%DA%A9%DB%92%20%D8%B2%D9%85%D8%B1%DB%92/%D8%A2%D8%B1%D8%AA%DA%BE%D9%88%D9%BE%DB%8C%DA%88%DA%A9%20%D8%A7%DB%8C%D9%85%D9%BE%D9%84%D8%A7%D9%86%D9%B9%D8%B3-/depuy-%D8%A7%DB%8C%DA%A9%D8%B3%D9%84%20%D9%81%D8%B1%DB%8C%DA%A9%DA%86%D8%B1%20%DB%81%D9%BE%20%D8%A7%DB%8C%D9%85%D9%BE%D9%84%D8%A7%D9%86%D9%B9%D8%B3/?add-to-cart=720,264
https://ur.medeqipexp.com/%D9%85%D8%B5%D9%86%D9%88%D8%B9%D8%A7%D8%AA/depuy-%D8%A7%DB%8C%DA%A9%D8%B3%D9%84%20%D9%81%D8%B1%DB%8C%DA%A9%DA%86%D8%B1%20%D8%B3%D8%B3%D9%B9%D9%85-%DB%81%D9%BE%20%D8%B3%D9%B9%DB%8C%D9%85%20%D9%BE%D8%B1%DB%8C%D8%B3%20%D9%81%D9%B9-SZ-14-brch-12-5-%D8%AF%DB%8C%D9%BE%DA%A9-10-1/,68
https://ur.medeqipexp.com/%D9%85%D8%B5%D9%86%D9%88%D8%B9%D8%A7%D8%AA%20%DA%A9%DB%92%20%D8%B2%D9%85%D8%B1%DB%92/%D8%A2%D8%B1%D8%AA%DA%BE%D9%88%D9%BE%DB%8C%DA%88%DA%A9%20%D8%A7%DB%8C%D9%85%D9%BE%D9%84%D8%A7%D9%86%D9%B9%D8%B3-/depuy-%D8%A7%DB%8C%DA%A9%D8%B3%D9%84%20%D9%81%D8%B1%DB%8C%DA%A9%DA%86%D8%B1%20%DB%81%D9%BE%20%D8%A7%DB%8C%D9%85%D9%BE%D9%84%D8%A7%D9%86%D9%B9%D8%B3/?add-to-cart=724,267
https://ur.medeqipexp.com/%D9%85%D8%B5%D9%86%D9%88%D8%B9%D8%A7%D8%AA/depuy-%D8%A7%DB%8C%DA%A9%D8%B3%D9%84%20%D9%81%D8%B1%DB%8C%DA%A9%DA%86%D8%B1%20%D8%B3%D8%B3%D9%B9%D9%85-%DB%81%D9%BE%20%D8%B3%D9%B9%DB%8C%D9%85%20%D9%BE%D8%B1%DB%8C%D8%B3%20%D9%81%D9%B9-SZ-14-brch-12-0-%D8%AF%DB%8C%D9%BE%DA%A9-12-2/,67
https://ur.medeqipexp.com/%D9%85%D8%B5%D9%86%D9%88%D8%B9%D8%A7%D8%AA%20%DA%A9%DB%92%20%D8%B2%D9%85%D8%B1%DB%92/%D8%A2%D8%B1%D8%AA%DA%BE%D9%88%D9%BE%DB%8C%DA%88%DA%A9%20%D8%A7%DB%8C%D9%85%D9%BE%D9%84%D8%A7%D9%86%D9%B9%D8%B3-/depuy-%D8%A7%DB%8C%DA%A9%D8%B3%D9%84%20%D9%81%D8%B1%DB%8C%DA%A9%DA%86%D8%B1%20%DB%81%D9%BE%20%D8%A7%DB%8C%D9%85%D9%BE%D9%84%D8%A7%D9%86%D9%B9%D8%B3/?add-to-cart=728,270
https://ur.medeqipexp.com/%D9%85%D8%B5%D9%86%D9%88%D8%B9%D8%A7%D8%AA/depuy-%D8%A7%DB%8C%DA%A9%D8%B3%D9%84%20%D9%81%D8%B1%DB%8C%DA%A9%DA%86%D8%B1%20%D8%B3%D8%B3%D9%B9%D9%85-%DB%81%D9%BE%20%D8%B3%D9%B9%DB%8C%D9%85%20%D9%BE%D8%B1%DB%8C%D8%B3%20%D9%81%D9%B9-SZ-14-brch-12-5-%D8%AF%DB%8C%D9%BE%DA%A9-13-3/,67
https://ur.medeqipexp.com/%D9%85%D8%B5%D9%86%D9%88%D8%B9%D8%A7%D8%AA%20%DA%A9%DB%92%20%D8%B2%D9%85%D8%B1%DB%92/%D8%A2%D8%B1%D8%AA%DA%BE%D9%88%D9%BE%DB%8C%DA%88%DA%A9%20%D8%A7%DB%8C%D9%85%D9%BE%D9%84%D8%A7%D9%86%D9%B9%D8%B3-/depuy-%D8%A7%DB%8C%DA%A9%D8%B3%D9%84%20%D9%81%D8%B1%DB%8C%DA%A9%DA%86%D8%B1%20%DB%81%D9%BE%20%D8%A7%DB%8C%D9%85%D9%BE%D9%84%D8%A7%D9%86%D9%B9%D8%B3/?add-to-cart=732,273
https://ur.medeqipexp.com/%D9%85%D8%B5%D9%86%D9%88%D8%B9%D8%A7%D8%AA/depuy-%D8%A7%DB%8C%DA%A9%D8%B3%D9%84%20%D9%81%D8%B1%DB%8C%DA%A9%DA%86%D8%B1%20%D8%B3%D8%B3%D9%B9%D9%85-%DB%81%D9%BE%20%D8%B3%D9%B9%DB%8C%D9%85%20%D9%BE%D8%B1%DB%8C%D8%B3%20%D9%81%D9%B9-SZ-14-brch-12-0-%D8%AF%DB%8C%D9%BE%DA%A9-15-4/,67
https://ur.medeqipexp.com/%D9%85%D8%B5%D9%86%D9%88%D8%B9%D8%A7%D8%AA%20%DA%A9%DB%92%20%D8%B2%D9%85%D8%B1%DB%92/%D8%A2%D8%B1%D8%AA%DA%BE%D9%88%D9%BE%DB%8C%DA%88%DA%A9%20%D8%A7%DB%8C%D9%85%D9%BE%D9%84%D8%A7%D9%86%D9%B9%D8%B3-/depuy-%D8%A7%DB%8C%DA%A9%D8%B3%D9%84%20%D9%81%D8%B1%DB%8C%DA%A9%DA%86%D8%B1%20%DB%81%D9%BE%20%D8%A7%DB%8C%D9%85%D9%BE%D9%84%D8%A7%D9%86%D9%B9%D8%B3/?add-to-cart=736,276
https://ur.medeqipexp.com/%D9%85%D8%B5%D9%86%D9%88%D8%B9%D8%A7%D8%AA/depuy-%D8%A7%DB%8C%DA%A9%D8%B3%D9%84-%D9%81%D8%B1%DB%8C%DA%A9%DA%86%D8%B1-%D8%B3%D8%B3%D9%B9%D9%85-%DB%81%D9%BE-%D8%AE%D9%84%DB%8C%DB%81-%D9%BE%D8%B1%DB%8C%D8%B3-%D9%81%D9%B9-SZ-14-brch12-5-%D9%85%D8%AE%D8%B1%D9%88%D8%B7%DB%8C-16-5/,67
https://ur.medeqipexp.com/%D9%85%D8%B5%D9%86%D9%88%D8%B9%D8%A7%D8%AA%20%DA%A9%DB%92%20%D8%B2%D9%85%D8%B1%DB%92/%D8%A2%D8%B1%D8%AA%DA%BE%D9%88%D9%BE%DB%8C%DA%88%DA%A9%20%D8%A7%DB%8C%D9%85%D9%BE%D9%84%D8%A7%D9%86%D9%B9%D8%B3-/depuy-%D8%A7%DB%8C%DA%A9%D8%B3%D9%84%20%D9%81%D8%B1%DB%8C%DA%A9%DA%86%D8%B1%20%DB%81%D9%BE%20%D8%A7%DB%8C%D9%85%D9%BE%D9%84%D8%A7%D9%86%D9%B9%D8%B3/?add-to-cart=740,279
https://ur.medeqipexp.com/%D9%85%D8%B5%D9%86%D9%88%D8%B9%D8%A7%D8%AA/depuy-orthochrome-articul-eze-hip-ball-color-code-white-14mm-12-5-neck-length-15-28-taper/,67
https://ur.medeqipexp.com/%D9%85%D8%B5%D9%86%D9%88%D8%B9%D8%A7%D8%AA%20%DA%A9%DB%92%20%D8%B2%D9%85%D8%B1%DB%92/%D8%A2%D8%B1%D8%AA%DA%BE%D9%88%D9%BE%DB%8C%DA%88%DA%A9%20%D8%A7%DB%8C%D9%85%D9%BE%D9%84%D8%A7%D9%86%D9%B9%D8%B3-/depuy-%D8%A7%DB%8C%DA%A9%D8%B3%D9%84%20%D9%81%D8%B1%DB%8C%DA%A9%DA%86%D8%B1%20%DB%81%D9%BE%20%D8%A7%DB%8C%D9%85%D9%BE%D9%84%D8%A7%D9%86%D9%B9%D8%B3/?add-to-cart=707,282
https://ur.medeqipexp.com/%D9%85%D8%B5%D9%86%D9%88%D8%B9%D8%A7%D8%AA/depuy-orthochrome-femoral-head-cocor-articul-eze-color-code-blue-14mm-12-5-neck-length-8-28-taper/,68
https://ur.medeqipexp.com/%D9%85%D8%B5%D9%86%D9%88%D8%B9%D8%A7%D8%AA%20%DA%A9%DB%92%20%D8%B2%D9%85%D8%B1%DB%92/%D8%A2%D8%B1%D8%AA%DA%BE%D9%88%D9%BE%DB%8C%DA%88%DA%A9%20%D8%A7%DB%8C%D9%85%D9%BE%D9%84%D8%A7%D9%86%D9%B9%D8%B3-/depuy-%D8%A7%DB%8C%DA%A9%D8%B3%D9%84%20%D9%81%D8%B1%DB%8C%DA%A9%DA%86%D8%B1%20%DB%81%D9%BE%20%D8%A7%DB%8C%D9%85%D9%BE%D9%84%D8%A7%D9%86%D9%B9%D8%B3/?add-to-cart=693,285
https://ur.medeqipexp.com/%D9%85%D8%B5%D9%86%D9%88%D8%B9%D8%A7%D8%AA/depuy-orthochrome-femoral-head-cocr-articul-eze-color-code-brown-14mm-12-neck-length-5-28-taper/,68
https://ur.medeqipexp.com/%D9%85%D8%B5%D9%86%D9%88%D8%B9%D8%A7%D8%AA%20%DA%A9%DB%92%20%D8%B2%D9%85%D8%B1%DB%92/%D8%A2%D8%B1%D8%AA%DA%BE%D9%88%D9%BE%DB%8C%DA%88%DA%A9%20%D8%A7%DB%8C%D9%85%D9%BE%D9%84%D8%A7%D9%86%D9%B9%D8%B3-/depuy-%D8%A7%DB%8C%DA%A9%D8%B3%D9%84%20%D9%81%D8%B1%DB%8C%DA%A9%DA%86%D8%B1%20%DB%81%D9%BE%20%D8%A7%DB%8C%D9%85%D9%BE%D9%84%D8%A7%D9%86%D9%B9%D8%B3/?add-to-cart=700,288
https://ur.medeqipexp.com/%D9%85%D8%B5%D9%86%D9%88%D8%B9%D8%A7%D8%AA/depuy-orthochrome-femoral-head-cocr-articul-eze-color-code-black-14mm-12-neck-length-12-28-taper/,67
https://ur.medeqipexp.com/%D9%85%D8%B5%D9%86%D9%88%D8%B9%D8%A7%D8%AA%20%DA%A9%DB%92%20%D8%B2%D9%85%D8%B1%DB%92/%D8%A2%D8%B1%D8%AA%DA%BE%D9%88%D9%BE%DB%8C%DA%88%DA%A9%20%D8%A7%DB%8C%D9%85%D9%BE%D9%84%D8%A7%D9%86%D9%B9%D8%B3-/depuy-%D8%A7%DB%8C%DA%A9%D8%B3%D9%84%20%D9%81%D8%B1%DB%8C%DA%A9%DA%86%D8%B1%20%DB%81%D9%BE%20%D8%A7%DB%8C%D9%85%D9%BE%D9%84%D8%A7%D9%86%D9%B9%D8%B3/?add-to-cart=697,291
https://ur.medeqipexp.com/%D9%85%D8%B5%D9%86%D9%88%D8%B9%D8%A7%D8%AA/depuy-orthochrome-femoral-head-cocr-articul-eze-color-code-green-14mm-12-5-neck-length-1-28-taper/,67
https://ur.medeqipexp.com/%D9%85%D8%B5%D9%86%D9%88%D8%B9%D8%A7%D8%AA%20%DA%A9%DB%92%20%D8%B2%D9%85%D8%B1%DB%92/%D8%A2%D8%B1%D8%AA%DA%BE%D9%88%D9%BE%DB%8C%DA%88%DA%A9%20%D8%A7%DB%8C%D9%85%D9%BE%D9%84%D8%A7%D9%86%D9%B9%D8%B3-/depuy-%D8%A7%DB%8C%DA%A9%D8%B3%D9%84%20%D9%81%D8%B1%DB%8C%DA%A9%DA%86%D8%B1%20%DB%81%D9%BE%20%D8%A7%DB%8C%D9%85%D9%BE%D9%84%D8%A7%D9%86%D9%B9%D8%B3/?add-to-cart=704,294
https://ur.medeqipexp.com/%D9%85%D8%B5%D9%86%D9%88%D8%B9%D8%A7%D8%AA/depuy-%D8%AE%D9%84%DB%8C%DB%81-cementralizer-0-12mm-%D9%82%D8%B7%D8%B1/,66
https://ur.medeqipexp.com/%D9%85%D8%B5%D9%86%D9%88%D8%B9%D8%A7%D8%AA%20%DA%A9%DB%92%20%D8%B2%D9%85%D8%B1%DB%92/%D8%A2%D8%B1%D8%AA%DA%BE%D9%88%D9%BE%DB%8C%DA%88%DA%A9%20%D8%A7%DB%8C%D9%85%D9%BE%D9%84%D8%A7%D9%86%D9%B9%D8%B3-/depuy-%D8%A7%DB%8C%DA%A9%D8%B3%D9%84%20%D9%81%D8%B1%DB%8C%DA%A9%DA%86%D8%B1%20%DB%81%D9%BE%20%D8%A7%DB%8C%D9%85%D9%BE%D9%84%D8%A7%D9%86%D9%B9%D8%B3/?add-to-cart=710,297
https://ur.medeqipexp.com/%D9%85%D8%B5%D9%86%D9%88%D8%B9%D8%A7%D8%AA/depuy-%D8%AE%D9%84%DB%8C%DB%81-cementralizer-0-13mm-%D9%82%D8%B7%D8%B1/,66
https://ur.medeqipexp.com/%D9%85%D8%B5%D9%86%D9%88%D8%B9%D8%A7%D8%AA%20%DA%A9%DB%92%20%D8%B2%D9%85%D8%B1%DB%92/%D8%A2%D8%B1%D8%AA%DA%BE%D9%88%D9%BE%DB%8C%DA%88%DA%A9%20%D8%A7%DB%8C%D9%85%D9%BE%D9%84%D8%A7%D9%86%D9%B9%D8%B3-/depuy-%D8%A7%DB%8C%DA%A9%D8%B3%D9%84%20%D9%81%D8%B1%DB%8C%DA%A9%DA%86%D8%B1%20%DB%81%D9%BE%20%D8%A7%DB%8C%D9%85%D9%BE%D9%84%D8%A7%D9%86%D9%B9%D8%B3/?add-to-cart=712,300
https://ur.medeqipexp.com/%D9%85%D8%B5%D9%86%D9%88%D8%B9%D8%A7%D8%AA/depuy-%D8%AE%D9%84%DB%8C%DB%81-centralizer-5-10mm-%D9%82%D8%B7%D8%B1/,66
https://ur.medeqipexp.com/%D9%85%D8%B5%D9%86%D9%88%D8%B9%D8%A7%D8%AA%20%DA%A9%DB%92%20%D8%B2%D9%85%D8%B1%DB%92/%D8%A2%D8%B1%D8%AA%DA%BE%D9%88%D9%BE%DB%8C%DA%88%DA%A9%20%D8%A7%DB%8C%D9%85%D9%BE%D9%84%D8%A7%D9%86%D9%B9%D8%B3-/depuy-%D8%A7%DB%8C%DA%A9%D8%B3%D9%84%20%D9%81%D8%B1%DB%8C%DA%A9%DA%86%D8%B1%20%DB%81%D9%BE%20%D8%A7%DB%8C%D9%85%D9%BE%D9%84%D8%A7%D9%86%D9%B9%D8%B3/?add-to-cart=718,303
https://ur.medeqipexp.com/%D9%85%D8%B5%D9%86%D9%88%D8%B9%D8%A7%D8%AA/depuy%20%D8%AE%D9%84%DB%8C%DB%81-centralizer-15mm%20%D9%82%D8%B7%D8%B1/,66
https://ur.medeqipexp.com/%D9%85%D8%B5%D9%86%D9%88%D8%B9%D8%A7%D8%AA%20%DA%A9%DB%92%20%D8%B2%D9%85%D8%B1%DB%92/%D8%A2%D8%B1%D8%AA%DA%BE%D9%88%D9%BE%DB%8C%DA%88%DA%A9%20%D8%A7%DB%8C%D9%85%D9%BE%D9%84%D8%A7%D9%86%D9%B9%D8%B3-/depuy-%D8%A7%DB%8C%DA%A9%D8%B3%D9%84%20%D9%81%D8%B1%DB%8C%DA%A9%DA%86%D8%B1%20%DB%81%D9%BE%20%D8%A7%DB%8C%D9%85%D9%BE%D9%84%D8%A7%D9%86%D9%B9%D8%B3/?add-to-cart=716,306
https://ur.medeqipexp.com/%D9%85%D8%B5%D9%86%D9%88%D8%B9%D8%A7%D8%AA/depuy-%D8%AE%D9%84%DB%8C%DB%81-centralizer-5-16mm-%D9%82%D8%B7%D8%B1/,66
https://ur.medeqipexp.com/%D9%85%D8%B5%D9%86%D9%88%D8%B9%D8%A7%D8%AA%20%DA%A9%DB%92%20%D8%B2%D9%85%D8%B1%DB%92/%D8%A2%D8%B1%D8%AA%DA%BE%D9%88%D9%BE%DB%8C%DA%88%DA%A9%20%D8%A7%DB%8C%D9%85%D9%BE%D9%84%D8%A7%D9%86%D9%B9%D8%B3-/depuy-%D8%A7%DB%8C%DA%A9%D8%B3%D9%84%20%D9%81%D8%B1%DB%8C%DA%A9%DA%86%D8%B1%20%DB%81%D9%BE%20%D8%A7%DB%8C%D9%85%D9%BE%D9%84%D8%A7%D9%86%D9%B9%D8%B3/?add-to-cart=714,309
https://ur.medeqipexp.com/CDN-CGI/l/%D8%A7%DB%8C-%D9%85%DB%8C%D9%84-%DA%A9%DB%92-%D8%AA%D8%AD%D9%81%D8%B8#1578707170647c65706d6555747a793b767a78,4
https://ur.medeqipexp.com/%D9%85%D8%B5%D9%86%D9%88%D8%B9%D8%A7%D8%AA/7-236-001s-synthes-04mm-ti-cannulated-humeral-nail/,65
https://ur.medeqipexp.com/%D9%85%D8%B5%D9%86%D9%88%D8%B9%D8%A7%D8%AA%20%DA%A9%DB%92%20%D8%B2%D9%85%D8%B1%DB%92/%D8%A2%D8%B1%D8%AA%DA%BE%D9%88%D9%BE%DB%8C%DA%88%DA%A9%20%D8%A7%DB%8C%D9%85%D9%BE%D9%84%D8%A7%D9%86%D9%B9%D8%B3-/synthes-%D9%86%D8%A7%D8%AE%D9%86-%D9%85%DB%8C%DA%BA-%D8%AA%D8%A7%D8%B1%DB%8C%D8%AE/?add-to-cart=3807,312
https://ur.medeqipexp.com/%D9%85%D8%B5%D9%86%D9%88%D8%B9%D8%A7%D8%AA/12-002-003s-synthes-04-mm-ti-end-cap/,66
https://ur.medeqipexp.com/%D9%85%D8%B5%D9%86%D9%88%D8%B9%D8%A7%D8%AA%20%DA%A9%DB%92%20%D8%B2%D9%85%D8%B1%DB%92/%D8%A2%D8%B1%D8%AA%DA%BE%D9%88%D9%BE%DB%8C%DA%88%DA%A9%20%D8%A7%DB%8C%D9%85%D9%BE%D9%84%D8%A7%D9%86%D9%B9%D8%B3-/synthes-%D9%86%D8%A7%D8%AE%D9%86-%D9%85%DB%8C%DA%BA-%D8%AA%D8%A7%D8%B1%DB%8C%D8%AE/?add-to-cart=2801,315
https://ur.medeqipexp.com/%D9%85%D8%B5%D9%86%D9%88%D8%B9%D8%A7%D8%AA/390-8-258s-synthes-004mm-tibial-nail-ex-xNUMXmm/,67
https://ur.medeqipexp.com/%D9%85%D8%B5%D9%86%D9%88%D8%B9%D8%A7%D8%AA%20%DA%A9%DB%92%20%D8%B2%D9%85%D8%B1%DB%92/%D8%A2%D8%B1%D8%AA%DA%BE%D9%88%D9%BE%DB%8C%DA%88%DA%A9%20%D8%A7%DB%8C%D9%85%D9%BE%D9%84%D8%A7%D9%86%D9%B9%D8%B3-/synthes-%D9%86%D8%A7%D8%AE%D9%86-%D9%85%DB%8C%DA%BA-%D8%AA%D8%A7%D8%B1%DB%8C%D8%AE/?add-to-cart=2732,318
https://ur.medeqipexp.com/%D9%85%D8%B5%D9%86%D9%88%D8%B9%D8%A7%D8%AA/360-11-552s-synthes-004mm-tibial-nail-ex-xNUMXmm/,70
https://ur.medeqipexp.com/%D9%85%D8%B5%D9%86%D9%88%D8%B9%D8%A7%D8%AA%20%DA%A9%DB%92%20%D8%B2%D9%85%D8%B1%DB%92/%D8%A2%D8%B1%D8%AA%DA%BE%D9%88%D9%BE%DB%8C%DA%88%DA%A9%20%D8%A7%DB%8C%D9%85%D9%BE%D9%84%D8%A7%D9%86%D9%B9%D8%B3-/synthes-%D9%86%D8%A7%D8%AE%D9%86-%D9%85%DB%8C%DA%BA-%D8%AA%D8%A7%D8%B1%DB%8C%D8%AE/?add-to-cart=2750,321
https://ur.medeqipexp.com/%D9%85%D8%B5%D9%86%D9%88%D8%B9%D8%A7%D8%AA/11-561-004s-synthes-04mm-tibial-nail/,71
https://ur.medeqipexp.com/%D9%85%D8%B5%D9%86%D9%88%D8%B9%D8%A7%D8%AA%20%DA%A9%DB%92%20%D8%B2%D9%85%D8%B1%DB%92/%D8%A2%D8%B1%D8%AA%DA%BE%D9%88%D9%BE%DB%8C%DA%88%DA%A9%20%D8%A7%DB%8C%D9%85%D9%BE%D9%84%D8%A7%D9%86%D9%B9%D8%B3-/synthes-%D9%86%D8%A7%D8%AE%D9%86-%D9%85%DB%8C%DA%BA-%D8%AA%D8%A7%D8%B1%DB%8C%D8%AE/?add-to-cart=2754,324
https://ur.medeqipexp.com/%D9%85%D8%B5%D9%86%D9%88%D8%B9%D8%A7%D8%AA/12-634-004s-synthes-04mm-ti-tibial-nail/,67
https://ur.medeqipexp.com/%D9%85%D8%B5%D9%86%D9%88%D8%B9%D8%A7%D8%AA%20%DA%A9%DB%92%20%D8%B2%D9%85%D8%B1%DB%92/%D8%A2%D8%B1%D8%AA%DA%BE%D9%88%D9%BE%DB%8C%DA%88%DA%A9%20%D8%A7%DB%8C%D9%85%D9%BE%D9%84%D8%A7%D9%86%D9%B9%D8%B3-/synthes-%D9%86%D8%A7%D8%AE%D9%86-%D9%85%DB%8C%DA%BA-%D8%AA%D8%A7%D8%B1%DB%8C%D8%AE/?add-to-cart=2757,327
https://ur.medeqipexp.com/%D9%85%D8%B5%D9%86%D9%88%D8%B9%D8%A7%D8%AA/12-643-004s-synthes-04mm-ti-tibial-nail/,69
https://ur.medeqipexp.com/%D9%85%D8%B5%D9%86%D9%88%D8%B9%D8%A7%D8%AA%20%DA%A9%DB%92%20%D8%B2%D9%85%D8%B1%DB%92/%D8%A2%D8%B1%D8%AA%DA%BE%D9%88%D9%BE%DB%8C%DA%88%DA%A9%20%D8%A7%DB%8C%D9%85%D9%BE%D9%84%D8%A7%D9%86%D9%B9%D8%B3-/synthes-%D9%86%D8%A7%D8%AE%D9%86-%D9%85%DB%8C%DA%BA-%D8%AA%D8%A7%D8%B1%DB%8C%D8%AE/?add-to-cart=2758,330
https://ur.medeqipexp.com/%D9%85%D8%B5%D9%86%D9%88%D8%B9%D8%A7%D8%AA/0-4-418s-synthes-005-04mm-ti-locking-screw/,68
https://ur.medeqipexp.com/%D9%85%D8%B5%D9%86%D9%88%D8%B9%D8%A7%D8%AA%20%DA%A9%DB%92%20%D8%B2%D9%85%D8%B1%DB%92/%D8%A2%D8%B1%D8%AA%DA%BE%D9%88%D9%BE%DB%8C%DA%88%DA%A9%20%D8%A7%DB%8C%D9%85%D9%BE%D9%84%D8%A7%D9%86%D9%B9%D8%B3-/synthes-%D9%86%D8%A7%D8%AE%D9%86-%D9%85%DB%8C%DA%BA-%D8%AA%D8%A7%D8%B1%DB%8C%D8%AE/?add-to-cart=2772,333
https://ur.medeqipexp.com/%D9%85%D8%B5%D9%86%D9%88%D8%B9%D8%A7%D8%AA/30-4-420s-synthes-005mm-ti-locking-screw-04mm/,70
https://ur.medeqipexp.com/%D9%85%D8%B5%D9%86%D9%88%D8%B9%D8%A7%D8%AA%20%DA%A9%DB%92%20%D8%B2%D9%85%D8%B1%DB%92/%D8%A2%D8%B1%D8%AA%DA%BE%D9%88%D9%BE%DB%8C%DA%88%DA%A9%20%D8%A7%DB%8C%D9%85%D9%BE%D9%84%D8%A7%D9%86%D9%B9%D8%B3-/synthes-%D9%86%D8%A7%D8%AE%D9%86-%D9%85%DB%8C%DA%BA-%D8%AA%D8%A7%D8%B1%DB%8C%D8%AE/?add-to-cart=2776,336
https://ur.medeqipexp.com/%D9%85%D8%B5%D9%86%D9%88%D8%B9%D8%A7%D8%AA/36-4-426s-synthes-005mm-ti-locking-screw-04mm/,70
https://ur.medeqipexp.com/%D9%85%D8%B5%D9%86%D9%88%D8%B9%D8%A7%D8%AA%20%DA%A9%DB%92%20%D8%B2%D9%85%D8%B1%DB%92/%D8%A2%D8%B1%D8%AA%DA%BE%D9%88%D9%BE%DB%8C%DA%88%DA%A9%20%D8%A7%DB%8C%D9%85%D9%BE%D9%84%D8%A7%D9%86%D9%B9%D8%B3-/synthes-%D9%86%D8%A7%D8%AE%D9%86-%D9%85%DB%8C%DA%BA-%D8%AA%D8%A7%D8%B1%DB%8C%D8%AE/?add-to-cart=2778,339
